group,stage,suite,field,n,delta,tolerance_digits,method,baseline,repetitions,median_s,iqr_s,median_ratio,paired_bootstrap_ratio_low,paired_bootstrap_ratio_high,two_iqr_filter,cycles,active_outer_cycles,reference_eta,reference_work,F,J,LU,solves,matvecs,scales,adaptive_status
external6_H1_n20_d0p30_e50,final,external6,H1,20,0.30,50,P5,M6,31,0.3122897,0.007706200000000052,1.0315466145293986,1.016529532716589,1.036570631724692,False,2,1,0.00015747853073414184,25000.0,11,2,2,11,0,0,EXTENDED_TO_31
external6_H1_n20_d0p30_e50,final,external6,H1,20,0.30,50,M6,M6,31,0.30273930000000004,0.005471699999999968,1.0,1.0,1.0,False,2,0,0.00016498705978158884,22960.0,7,4,2,10,4,80,EXTENDED_TO_31
external6_H1_n20_d0p30_e200,final,external6,H1,20,0.30,200,P5,M6,31,0.46200420000000003,0.008548600000000017,1.0332060921034476,1.0232159384587718,1.0405602407171017,False,3,2,0.00015747853073414184,37080.0,16,3,3,17,0,0,EXTENDED_TO_31
external6_H1_n20_d0p30_e200,final,external6,H1,20,0.30,200,M6,M6,31,0.44715590000000005,0.008603050000000001,1.0,1.0,1.0,False,3,0,0.00016498705978158884,33820.0,10,6,3,15,6,120,EXTENDED_TO_31
external6_H1_n20_d0p30_e800,final,external6,H1,20,0.30,800,P5,M6,31,0.5536608000000001,0.008681700000000014,0.9665606057379044,0.958347689992465,0.974456826198459,False,4,3,0.00015747853073414184,49160.0,21,4,4,23,0,0,EXTENDED_TO_31
external6_H1_n20_d0p30_e800,final,external6,H1,20,0.30,800,M6,M6,31,0.5728154000000001,0.008094399999999946,1.0,1.0,1.0,False,4,0,0.00016498705978158884,44680.0,13,8,4,20,8,160,EXTENDED_TO_31
external6_H1_n20_d0p30_e1024,final,external6,H1,20,0.30,1024,P5,M6,31,0.5565720000000001,0.010900200000000027,0.9737371659148953,0.9657575413658336,0.9807069533193309,False,4,3,0.00015747853073414184,49160.0,21,4,4,23,0,0,EXTENDED_TO_31
external6_H1_n20_d0p30_e1024,final,external6,H1,20,0.30,1024,M6,M6,31,0.5715834000000001,0.012387999999999955,1.0,1.0,1.0,False,4,0,0.00016498705978158884,44680.0,13,8,4,20,8,160,EXTENDED_TO_31
external8_H1_n20_d0p30_e50,final,external8,H1,20,0.30,50,P7,M8,31,0.3850139,0.009912150000000008,1.0647031300035785,1.0513981315281615,1.073916212824536,False,2,1,0.0001413779325544929,31560.0,15,2,2,15,0,0,EXTENDED_TO_31
external8_H1_n20_d0p30_e50,final,external8,H1,20,0.30,50,M8,M8,31,0.3616162,0.008926600000000007,1.0,1.0,1.0,False,2,0,0.00016296563806268306,26760.0,7,4,4,8,0,960,EXTENDED_TO_31
external8_H1_n20_d0p30_e200,final,external8,H1,20,0.30,200,P7,M8,15,0.5857479,0.007271050000000057,1.0898758681359901,1.0783875990228475,1.10052750229729,True,3,2,0.0001413779325544929,46920.0,22,3,3,23,0,0,EARLY_STOP_15
external8_H1_n20_d0p30_e200,final,external8,H1,20,0.30,200,M8,M8,15,0.5374446,0.009296450000000012,1.0,1.0,1.0,False,3,0,0.00016296563806268306,39520.0,10,6,6,12,0,1440,EARLY_STOP_15
external8_H1_n20_d0p30_e800,final,external8,H1,20,0.30,800,P7,M8,15,0.5796008,0.005975749999999946,1.0798179216365515,1.0745403420590875,1.0893911467432829,True,3,2,0.0001413779325544929,46920.0,22,3,3,23,0,0,EARLY_STOP_15
external8_H1_n20_d0p30_e800,final,external8,H1,20,0.30,800,M8,M8,15,0.5367579,0.007236650000000067,1.0,1.0,1.0,False,3,0,0.00016296563806268306,39520.0,10,6,6,12,0,1440,EARLY_STOP_15
external8_H1_n20_d0p30_e1024,final,external8,H1,20,0.30,1024,P7,M8,15,0.5800494,0.003925500000000026,0.8529360558302037,0.8487379989773408,0.8579825732374402,True,3,2,0.0001413779325544929,46920.0,22,3,3,23,0,0,EARLY_STOP_15
external8_H1_n20_d0p30_e1024,final,external8,H1,20,0.30,1024,M8,M8,15,0.680062,0.003980099999999931,1.0,1.0,1.0,False,4,0,0.00016296563806268306,52280.0,13,8,8,16,0,1920,EARLY_STOP_15
external6_H5_n200_d0p30_e50,final,external6,H5,200,0.30,50,P5,M6,15,114.47403360000001,0.4267446500000034,1.0208270814670923,1.0197265269971107,1.0232585923693,True,2,1,5.253343232266743e-07,7328600.0,11,2,2,11,0,0,EARLY_STOP_15
external6_H5_n200_d0p30_e50,final,external6,H5,200,0.30,50,M6,M6,15,112.1385156,0.16068629999998052,1.0,1.0,1.0,False,2,0,5.129865635673543e-07,7111800.0,7,4,2,10,4,800,EARLY_STOP_15
external6_H5_n200_d0p30_e200,final,external6,H5,200,0.30,200,P5,M6,31,173.7497523,2.6230158000000188,1.028743905944066,1.0262640427994618,1.0328207425728244,False,3,2,5.253343232266743e-07,10949800.0,16,3,3,17,0,0,EXTENDED_TO_31
external6_H5_n200_d0p30_e200,final,external6,H5,200,0.30,200,M6,M6,31,168.8950489,2.4641795500000114,1.0,1.0,1.0,False,3,0,5.129865635673543e-07,10604600.0,10,6,3,15,6,1200,EXTENDED_TO_31
external6_H5_n200_d0p30_e800,final,external6,H5,200,0.30,800,P5,M6,31,228.29555180000003,9.249476499999986,1.0035528039567922,0.9985011039193098,1.0236047174522025,False,4,3,5.253343232266743e-07,14571000.0,21,4,4,23,0,0,EXTENDED_TO_31
external6_H5_n200_d0p30_e800,final,external6,H5,200,0.30,800,M6,M6,31,227.4873339,8.264110449999976,1.0,1.0,1.0,False,4,0,5.129865635673543e-07,14097400.0,13,8,4,20,8,1600,EXTENDED_TO_31
external6_H5_n200_d0p30_e1024,final,external6,H5,200,0.30,1024,P5,M6,31,222.42990870000003,2.535950249999985,1.0064490169134273,1.0014567554953882,1.0078388026518166,False,4,3,5.253343232266743e-07,14571000.0,21,4,4,23,0,0,EXTENDED_TO_31
external6_H5_n200_d0p30_e1024,final,external6,H5,200,0.30,1024,M6,M6,31,221.004646,2.96134219999999,1.0,1.0,1.0,False,4,0,5.129865635673543e-07,14097400.0,13,8,4,20,8,1600,EXTENDED_TO_31
external8_H5_n200_d0p30_e50,final,external8,H5,200,0.30,50,P7,M8,15,100.705191,0.40239904999998544,0.6248843100609541,0.6232426478955733,0.6266306734598616,True,2,1,5.492627084270059e-07,7993400.0,15,2,2,15,0,0,EARLY_STOP_15
external8_H5_n200_d0p30_e50,final,external8,H5,200,0.30,50,M8,M8,15,161.1581366,0.5024813000000279,1.0,1.0,1.0,False,2,0,3.4202466227175825e-07,12285800.0,7,4,4,8,0,81600,EARLY_STOP_15
external8_H5_n200_d0p30_e200,final,external8,H5,200,0.30,200,P7,M8,15,148.04129930000002,0.34089409999998566,0.6122671551312445,0.611003838903631,0.6126713288500529,True,3,2,5.492627084270059e-07,11947000.0,22,3,3,23,0,0,EARLY_STOP_15
external8_H5_n200_d0p30_e200,final,external8,H5,200,0.30,200,M8,M8,15,241.7919989,0.26320680000000607,1.0,1.0,1.0,False,3,0,3.4202466227175825e-07,18365600.0,10,6,6,12,0,122400,EARLY_STOP_15
external8_H5_n200_d0p30_e800,final,external8,H5,200,0.30,800,P7,M8,15,147.89846110000002,0.5627252499999997,0.6117517039150872,0.6106346738963305,0.6139230334980437,True,3,2,5.492627084270059e-07,11947000.0,22,3,3,23,0,0,EARLY_STOP_15
external8_H5_n200_d0p30_e800,final,external8,H5,200,0.30,800,M8,M8,15,241.76223810000002,0.6281408000000113,1.0,1.0,1.0,False,3,0,3.4202466227175825e-07,18365600.0,10,6,6,12,0,122400,EARLY_STOP_15
external8_H5_n200_d0p30_e1024,final,external8,H5,200,0.30,1024,P7,M8,15,148.49384070000002,0.6101474999999823,0.6142481434141324,0.613006640991908,0.6158914406521047,True,3,2,5.492627084270059e-07,11947000.0,22,3,3,23,0,0,EARLY_STOP_15
external8_H5_n200_d0p30_e1024,final,external8,H5,200,0.30,1024,M8,M8,15,241.74894510000001,0.6900495999999805,1.0,1.0,1.0,False,3,0,3.4202466227175825e-07,18365600.0,10,6,6,12,0,122400,EARLY_STOP_15
