group,field,n,delta,digits,method,baseline,repetitions,median_s,iqr_s,median_ratio,paired_bootstrap_ratio_low,paired_bootstrap_ratio_high,two_iqr_filter,cycles,active_outer_cycles,reference_eta,reference_work,F,J,LU,solves,matvecs,scales,session
families_H1_n20_d0p30_e50,H1,20,0.30,50,P3,S3,31,0.35782410000000003,0.1387452,1.005532303289482,0.889939060006891,1.0759610604376726,False,3,2,0.00017246171530501764,27240.0,10,3,3,11,0,0,20260926T043122_606282Z
families_H1_n20_d0p30_e50,H1,20,0.30,50,S3,S3,31,0.35585540000000004,0.1637556,1.0,1.0,1.0,False,3,0,0.00016503504299046317,26440.0,10,3,3,9,0,0,20260926T043122_606282Z
families_H1_n20_d0p30_e200,H1,20,0.30,200,P3,S3,31,0.5314148000000001,0.05840120000000004,1.0576989141074478,0.976482155373275,1.0884678676606596,False,4,3,0.00017246171530501764,36040.0,13,4,4,15,0,0,20260926T043122_606282Z
families_H1_n20_d0p30_e200,H1,20,0.30,200,S3,S3,31,0.5024254,0.0892109499999999,1.0,1.0,1.0,False,4,0,0.00016503504299046317,34840.0,13,4,4,12,0,0,20260926T043122_606282Z
families_H1_n20_d0p30_e800,H1,20,0.30,800,P3,S3,31,0.5370065,0.00949040000000001,1.0154253919078573,1.0092910158149537,1.0203590714303996,False,5,4,0.00017246171530501764,44840.0,16,5,5,19,0,0,20260926T043122_606282Z
families_H1_n20_d0p30_e800,H1,20,0.30,800,S3,S3,31,0.5288488,0.011224649999999947,1.0,1.0,1.0,False,5,0,0.00016503504299046317,43240.0,16,5,5,15,0,0,20260926T043122_606282Z
families_H1_n20_d0p30_e1024,H1,20,0.30,1024,P3,S3,31,0.5301567,0.006841499999999945,1.008247882639642,1.0038212497535823,1.0143797209025167,False,5,4,0.00017246171530501764,44840.0,16,5,5,19,0,0,20260926T043122_606282Z
families_H1_n20_d0p30_e1024,H1,20,0.30,1024,S3,S3,31,0.5258198000000001,0.007198150000000014,1.0,1.0,1.0,False,5,0,0.00016503504299046317,43240.0,16,5,5,15,0,0,20260926T043122_606282Z
families_H5_n200_d0p30_e50,H5,200,0.30,50,P9,S10,31,134.3085976,0.3856625999999892,0.9731503994163662,0.9720792431595189,0.9743940041922126,True,2,1,5.555158190875064e-07,8658200.0,19,2,2,19,0,0,20260926T043523_591291Z
families_H5_n200_d0p30_e50,H5,200,0.30,50,S10,S10,31,138.01422440000002,0.3470792999999901,1.0,1.0,1.0,False,2,0,5.43469306196086e-07,8950600.0,21,2,2,20,0,0,20260926T043523_591291Z
families_H5_n200_d0p30_e200,H5,200,0.30,200,P9,S10,31,136.0365156,3.976848700000005,0.9686462800004625,0.9574783736753275,0.977008433450343,False,2,1,5.555158190875064e-07,8658200.0,19,2,2,19,0,0,20260926T162000_020800Z
families_H5_n200_d0p30_e200,H5,200,0.30,200,S10,S10,31,140.4398266,4.375425749999977,1.0,1.0,1.0,False,2,0,5.43469306196086e-07,8950600.0,21,2,2,20,0,0,20260926T162000_020800Z
families_H5_n200_d0p30_e800,H5,200,0.30,800,P9,S10,31,190.3854369,2.253746399999983,0.9899222315998935,0.9875328073760482,0.994525126495056,False,3,2,5.555158190875064e-07,12944200.0,28,3,3,29,0,0,20260926T191333_366756Z
families_H5_n200_d0p30_e800,H5,200,0.30,800,S10,S10,31,192.32362990000001,1.5024511999999959,1.0,1.0,1.0,False,3,0,5.43469306196086e-07,13362800.0,31,3,3,30,0,0,20260926T191333_366756Z
families_H5_n200_d0p30_e1024,H5,200,0.30,1024,P9,S10,31,188.60581280000002,0.33531989999997336,0.9865524780583944,0.9848169585044964,0.9874668100831839,False,3,2,5.555158190875064e-07,12944200.0,28,3,3,29,0,0,20260927T121707_678648Z
families_H5_n200_d0p30_e1024,H5,200,0.30,1024,S10,S10,31,191.1766652,1.0624689500000102,1.0,1.0,1.0,False,3,0,5.43469306196086e-07,13362800.0,31,3,3,30,0,0,20260927T121707_678648Z
