family,n,delta,tol,macro_hat,macro_comp,CPU_hat_ms,CPU_comp_ms,CPU_relative_hat_vs_comp,IQR_hat_ms,IQR_comp_ms,CPU_clear_2IQR,work_hat,work_comp,work_relative_hat_vs_comp,residual_hat,residual_comp
G1,40,0.10000000000000006,1e-12,1,1,0.22190000000000001,0.16810000000000003,0.3200475907198097,0.03914999999999995,0.014249999999999994,0,79400.0,81520.0,-0.02600588812561333,0.0,0.0
G1,40,0.10000000000000006,1e-10,1,1,0.21950000000000003,0.16580000000000003,0.32388419782870925,0.046849999999999975,0.014099999999999991,0,79400.0,81520.0,-0.02600588812561333,0.0,0.0
G1,40,0.10000000000000006,1e-08,1,1,0.2315,0.1768,0.3093891402714932,0.030149999999999975,0.01639999999999999,0,79400.0,81520.0,-0.02600588812561333,0.0,0.0
G1,40,0.29999999999999993,1e-12,1,1,0.22440000000000002,0.16600000000000004,0.3518072289156624,0.06539999999999996,0.018749999999999996,0,79400.0,81520.0,-0.02600588812561333,0.0,0.0
G1,40,0.29999999999999993,1e-10,1,1,0.2189,0.1641,0.33394271785496654,0.015750000000000004,0.009050000000000002,1,79400.0,81520.0,-0.02600588812561333,0.0,0.0
G1,40,0.29999999999999993,1e-08,1,1,0.2192,0.1674,0.3094384707287934,0.01615000000000001,0.011699999999999959,0,79400.0,81520.0,-0.02600588812561333,0.0,0.0
G1,40,0.6000000000000001,1e-12,1,1,0.2187,0.1666,0.31272509003601434,0.011999999999999993,0.010350000000000008,1,79400.0,81520.0,-0.02600588812561333,5.848455842321796e-16,2.4504062544561596e-16
G1,40,0.6000000000000001,1e-10,1,1,0.21930000000000002,0.16690000000000002,0.3139604553624924,0.008399999999999987,0.011099999999999971,1,79400.0,81520.0,-0.02600588812561333,5.848455842321796e-16,2.4504062544561596e-16
G1,40,0.6000000000000001,1e-08,1,1,0.21760000000000002,0.165,0.31878787878787884,0.017950000000000004,0.06520000000000001,0,79400.0,81520.0,-0.02600588812561333,5.848455842321796e-16,2.4504062544561596e-16
G1,55,0.09999999999999996,1e-12,1,1,0.2522,0.2008,0.2559760956175299,0.013150000000000021,0.007600000000000022,1,165000.0,184140.0,-0.10394265232974909,0.0,0.0
G1,55,0.09999999999999996,1e-10,1,1,0.2495,0.1996,0.25,0.009549999999999989,0.0069500000000000065,1,165000.0,184140.0,-0.10394265232974909,0.0,0.0
G1,55,0.09999999999999996,1e-08,1,1,0.2544,0.20280000000000004,0.2544378698224852,0.019499999999999986,0.02115,0,165000.0,184140.0,-0.10394265232974909,0.0,0.0
G1,55,0.30000000000000016,1e-12,1,1,0.25120000000000003,0.20240000000000002,0.2411067193675891,0.008699999999999994,0.006950000000000033,1,165000.0,184140.0,-0.10394265232974909,0.0,0.0
G1,55,0.30000000000000016,1e-10,1,1,0.25720000000000004,0.2033,0.26512543039842607,0.016300000000000016,0.010499999999999985,1,165000.0,184140.0,-0.10394265232974909,0.0,0.0
G1,55,0.30000000000000016,1e-08,1,1,0.25120000000000003,0.2021,0.24294903513112343,0.00924999999999998,0.01155000000000001,1,165000.0,184140.0,-0.10394265232974909,0.0,0.0
G1,55,0.6000000000000001,1e-12,1,1,0.2539,0.20280000000000004,0.251972386587771,0.012849999999999907,0.015000000000000012,0,165000.0,184140.0,-0.10394265232974909,1.2046555947547255e-16,5.679412666893312e-17
G1,55,0.6000000000000001,1e-10,1,1,0.25520000000000004,0.20270000000000002,0.25900345337937836,0.016350000000000045,0.013850000000000012,0,165000.0,184140.0,-0.10394265232974909,1.2046555947547255e-16,5.679412666893312e-17
G1,55,0.6000000000000001,1e-08,1,1,0.2522,0.20800000000000002,0.2124999999999999,0.01654999999999994,0.011350000000000004,0,165000.0,184140.0,-0.10394265232974909,1.2046555947547255e-16,5.679412666893312e-17
G1,100,0.10000000000000042,1e-12,1,1,0.33990000000000004,0.3042,0.11735700197238663,0.016750000000000057,0.014700000000000086,0,694500.0,907800.0,-0.2349636483807006,0.0,0.0
G1,100,0.10000000000000042,1e-10,1,1,0.3438,0.3042,0.1301775147928994,0.02440000000000005,0.014800000000000035,0,694500.0,907800.0,-0.2349636483807006,0.0,0.0
G1,100,0.10000000000000042,1e-08,1,1,0.3546,0.3084,0.14980544747081703,0.027349999999999985,0.03274999999999995,0,694500.0,907800.0,-0.2349636483807006,0.0,0.0
G1,100,0.3000000000000004,1e-12,1,1,0.3443,0.30920000000000003,0.11351875808538159,0.03845000000000004,0.021699999999999987,0,694500.0,907800.0,-0.2349636483807006,0.0,0.0
G1,100,0.3000000000000004,1e-10,1,1,0.34,0.2992,0.13636363636363646,0.012799999999999985,0.008000000000000031,0,694500.0,907800.0,-0.2349636483807006,0.0,0.0
G1,100,0.3000000000000004,1e-08,1,1,0.3405,0.30160000000000003,0.12897877984084882,0.020849999999999994,0.011849999999999989,0,694500.0,907800.0,-0.2349636483807006,0.0,0.0
G1,100,0.5999999999999996,1e-12,1,1,0.33870000000000006,0.3007,0.1263717991353508,0.014349999999999996,0.010000000000000026,0,694500.0,907800.0,-0.2349636483807006,0.0,0.0
G1,100,0.5999999999999996,1e-10,1,1,0.34500000000000003,0.30410000000000004,0.13449523183163437,0.026300000000000042,0.020850000000000046,0,694500.0,907800.0,-0.2349636483807006,0.0,0.0
G1,100,0.5999999999999996,1e-08,1,1,0.34600000000000003,0.3009,0.14988368228647397,0.015449999999999969,0.009949999999999997,0,694500.0,907800.0,-0.2349636483807006,0.0,0.0
G1,200,0.09999999999999927,1e-12,1,1,1.2698000000000003,1.8369,-0.3087266590451303,0.11005,0.11749999999999998,1,4109000.0,6295600.0,-0.3473219391320923,0.0,0.0
G1,200,0.09999999999999927,1e-10,1,1,1.2416,1.7705000000000002,-0.2987291725501271,0.05469999999999997,0.1263499999999999,1,4109000.0,6295600.0,-0.3473219391320923,0.0,0.0
G1,200,0.09999999999999927,1e-08,1,1,1.2982,1.7922,-0.27563887958933153,0.07925000000000011,0.1198000000000002,1,4109000.0,6295600.0,-0.3473219391320923,0.0,0.0
G1,200,0.3000000000000004,1e-12,1,1,1.2683,1.7767000000000002,-0.28614847751449324,0.09470000000000008,0.10745000000000025,1,4109000.0,6295600.0,-0.3473219391320923,0.0,0.0
G1,200,0.3000000000000004,1e-10,1,1,1.2505000000000002,1.7688000000000001,-0.2930235187697874,0.09580000000000005,0.13265,1,4109000.0,6295600.0,-0.3473219391320923,0.0,0.0
G1,200,0.3000000000000004,1e-08,1,1,1.2583000000000002,1.7735,-0.2904990132506343,0.07390000000000001,0.15329999999999988,1,4109000.0,6295600.0,-0.3473219391320923,0.0,0.0
G1,200,0.5999999999999995,1e-12,1,1,1.2729,1.8208,-0.30091168717047456,0.07474999999999973,0.18125,1,4109000.0,6295600.0,-0.3473219391320923,0.0,0.0
G1,200,0.5999999999999995,1e-10,1,1,1.2432,1.7661,-0.29607609988109396,0.07605000000000003,0.12300000000000007,1,4109000.0,6295600.0,-0.3473219391320923,0.0,0.0
G1,200,0.5999999999999995,1e-08,1,1,1.2599,1.7891000000000001,-0.2957911799228663,0.12695000000000004,0.12455000000000019,1,4109000.0,6295600.0,-0.3473219391320923,0.0,0.0
G5,40,0.10000000000000006,1e-12,1,1,0.23960000000000004,0.18800000000000003,0.274468085106383,0.013450000000000002,0.014999999999999986,0,86576.0,88696.0,-0.02390186705150177,0.0,0.0
G5,40,0.10000000000000006,1e-10,1,1,0.2459,0.18610000000000002,0.3213326168726489,0.020799999999999964,0.0022499999999999734,1,86576.0,88696.0,-0.02390186705150177,0.0,0.0
G5,40,0.10000000000000006,1e-08,1,1,0.2378,0.18700000000000003,0.27165775401069503,0.015449999999999997,0.014749999999999978,0,86576.0,88696.0,-0.02390186705150177,0.0,0.0
G5,40,0.29999999999999993,1e-12,1,1,0.2393,0.1857,0.2886375875067313,0.017349999999999987,0.01235000000000003,0,86576.0,88696.0,-0.02390186705150177,0.0,0.0
G5,40,0.29999999999999993,1e-10,1,1,0.24090000000000003,0.1955,0.23222506393861897,0.021350000000000004,0.021349999999999977,0,86576.0,88696.0,-0.02390186705150177,0.0,0.0
G5,40,0.29999999999999993,1e-08,1,1,0.23840000000000003,0.18720000000000003,0.2735042735042734,0.01785,0.01460000000000003,0,86576.0,88696.0,-0.02390186705150177,0.0,0.0
G5,40,0.6000000000000001,1e-12,1,1,0.24150000000000002,0.18710000000000002,0.290753607696419,0.02069999999999996,0.021549999999999982,0,86576.0,88696.0,-0.02390186705150177,0.0,0.0
G5,40,0.6000000000000001,1e-10,1,1,0.24090000000000003,0.1874,0.28548559231590187,0.014150000000000018,0.019949999999999996,0,86576.0,88696.0,-0.02390186705150177,0.0,0.0
G5,40,0.6000000000000001,1e-08,1,1,0.24350000000000002,0.1877,0.29728289824187537,0.02655000000000005,0.010799999999999992,0,86576.0,88696.0,-0.02390186705150177,0.0,0.0
G5,55,0.09999999999999996,1e-12,1,1,0.2756,0.2223,0.23976608187134518,0.01519999999999999,0.013299999999999998,0,174867.0,194007.0,-0.0986562340534104,0.0,0.0
G5,55,0.09999999999999996,1e-10,1,1,0.2829,0.2367,0.19518377693282618,0.04285000000000004,0.02754999999999999,0,174867.0,194007.0,-0.0986562340534104,0.0,0.0
G5,55,0.09999999999999996,1e-08,1,1,0.28240000000000004,0.22460000000000002,0.257346393588602,0.015149999999999962,0.027399999999999987,0,174867.0,194007.0,-0.0986562340534104,0.0,0.0
G5,55,0.30000000000000016,1e-12,1,1,0.27690000000000003,0.22300000000000003,0.24170403587443934,0.011949999999999992,0.01619999999999999,0,174867.0,194007.0,-0.0986562340534104,0.0,0.0
G5,55,0.30000000000000016,1e-10,1,1,0.2741,0.2237,0.22530174340634757,0.02335,0.012750000000000011,0,174867.0,194007.0,-0.0986562340534104,0.0,0.0
G5,55,0.30000000000000016,1e-08,1,1,0.2725,0.23040000000000002,0.18272569444444442,0.017100000000000035,0.02304999999999999,0,174867.0,194007.0,-0.0986562340534104,0.0,0.0
G5,55,0.6000000000000001,1e-12,1,1,0.2735,0.22360000000000002,0.22316636851520588,0.011550000000000036,0.013349999999999999,1,174867.0,194007.0,-0.0986562340534104,0.0,0.0
G5,55,0.6000000000000001,1e-10,1,1,0.27390000000000003,0.22410000000000002,0.22222222222222232,0.01349999999999995,0.0134,0,174867.0,194007.0,-0.0986562340534104,0.0,0.0
G5,55,0.6000000000000001,1e-08,1,1,0.27330000000000004,0.2257,0.21089942401417816,0.005950000000000009,0.008750000000000023,1,174867.0,194007.0,-0.0986562340534104,0.0,0.0
G5,100,0.10000000000000042,1e-12,1,1,0.36200000000000004,0.3322,0.0897049969897652,0.01375000000000009,0.01455,0,712440.0,925740.0,-0.23041026638148943,0.0,0.0
G5,100,0.10000000000000042,1e-10,1,1,0.3636,0.33080000000000004,0.09915356711003631,0.025199999999999962,0.052450000000000004,0,712440.0,925740.0,-0.23041026638148943,0.0,0.0
G5,100,0.10000000000000042,1e-08,1,1,0.3679,0.32670000000000005,0.1261095806550352,0.021100000000000025,0.012700000000000038,0,712440.0,925740.0,-0.23041026638148943,0.0,0.0
G5,100,0.3000000000000004,1e-12,1,1,0.3643,0.335,0.08746268656716416,0.02115,0.022199999999999998,0,712440.0,925740.0,-0.23041026638148943,0.0,0.0
G5,100,0.3000000000000004,1e-10,1,1,0.37320000000000003,0.3412,0.09378663540445498,0.03250000000000003,0.027300000000000012,0,712440.0,925740.0,-0.23041026638148943,0.0,0.0
G5,100,0.3000000000000004,1e-08,1,1,0.36860000000000004,0.3332,0.1062424969987994,0.01699999999999998,0.032849999999999956,0,712440.0,925740.0,-0.23041026638148943,0.0,0.0
G5,100,0.5999999999999996,1e-12,1,1,0.3718,0.33580000000000004,0.10720667063728406,0.021799999999999986,0.01675,0,712440.0,925740.0,-0.23041026638148943,0.0,0.0
G5,100,0.5999999999999996,1e-10,1,1,0.3725,0.32630000000000003,0.14158749616916944,0.02224999999999997,0.02015000000000003,0,712440.0,925740.0,-0.23041026638148943,0.0,0.0
G5,100,0.5999999999999996,1e-08,1,1,0.3688,0.3345,0.10254110612855016,0.02540000000000002,0.017199999999999986,0,712440.0,925740.0,-0.23041026638148943,0.0,0.0
G5,200,0.09999999999999927,1e-12,1,1,1.3068000000000002,1.804,-0.2756097560975609,0.1114,0.08924999999999991,1,4144880.0,6331480.0,-0.34535369297541807,0.0,0.0
G5,200,0.09999999999999927,1e-10,1,1,1.304,1.8308,-0.287743063141796,0.1401000000000002,0.16180000000000014,0,4144880.0,6331480.0,-0.34535369297541807,0.0,0.0
G5,200,0.09999999999999927,1e-08,1,1,1.268,1.8185,-0.302722023645862,0.06294999999999998,0.09909999999999997,1,4144880.0,6331480.0,-0.34535369297541807,0.0,0.0
G5,200,0.3000000000000004,1e-12,1,1,1.312,1.8229000000000002,-0.2802677053047342,0.11204999999999982,0.08710000000000011,1,4144880.0,6331480.0,-0.34535369297541807,0.0,0.0
G5,200,0.3000000000000004,1e-10,1,1,1.2839,1.8522,-0.30682431702839863,0.06959999999999995,0.1273000000000001,1,4144880.0,6331480.0,-0.34535369297541807,0.0,0.0
G5,200,0.3000000000000004,1e-08,1,1,1.2973999999999999,1.8022,-0.28010209743646663,0.08934999999999997,0.12155,1,4144880.0,6331480.0,-0.34535369297541807,0.0,0.0
G5,200,0.5999999999999995,1e-12,1,1,1.3029000000000002,1.8222000000000003,-0.28498518274613105,0.13234999999999983,0.13260000000000008,0,4144880.0,6331480.0,-0.34535369297541807,0.0,0.0
G5,200,0.5999999999999995,1e-10,1,1,1.2951,1.8386000000000002,-0.2956053518981835,0.08859999999999987,0.13365000000000013,1,4144880.0,6331480.0,-0.34535369297541807,0.0,0.0
G5,200,0.5999999999999995,1e-08,1,1,1.2996,1.8717,-0.30565795800609064,0.11360000000000016,0.12514999999999987,1,4144880.0,6331480.0,-0.34535369297541807,0.0,0.0
