family,n,delta,tol,method,macrocycles,converged,residual,error,F_total_including_terminal,J,LU,solves,matvecs,time_median_s,time_iqr_s,time_min_s,work_k1p0,work_k1p298,work_k1p7,work_k3p23511
G1,40,0.10000000000000006,1e-08,hatP2,1,1,0.0,0.0,5,2,1,11,6,0.00023150000000000002,3.0149999999999974e-05,0.0002165,79400.0,79763.56,80254.0,82126.8342
G1,40,0.10000000000000006,1e-08,P2oP2,1,1,0.0,0.0,5,2,2,5,0,0.00017680000000000001,1.6399999999999992e-05,0.0001622,81520.0,82044.48000000001,82752.0,85453.7936
G1,40,0.10000000000000006,1e-10,hatP2,1,1,0.0,0.0,5,2,1,11,6,0.00021950000000000002,4.684999999999997e-05,0.0002142,79400.0,79763.56,80254.0,82126.8342
G1,40,0.10000000000000006,1e-10,P2oP2,1,1,0.0,0.0,5,2,2,5,0,0.00016580000000000002,1.409999999999999e-05,0.0001638,81520.0,82044.48000000001,82752.0,85453.7936
G1,40,0.10000000000000006,1e-12,hatP2,1,1,0.0,0.0,5,2,1,11,6,0.00022190000000000003,3.914999999999995e-05,0.0002142,79400.0,79763.56,80254.0,82126.8342
G1,40,0.10000000000000006,1e-12,P2oP2,1,1,0.0,0.0,5,2,2,5,0,0.00016810000000000002,1.4249999999999994e-05,0.00016360000000000002,81520.0,82044.48000000001,82752.0,85453.7936
G1,40,0.29999999999999993,1e-08,hatP2,1,1,0.0,0.0,5,2,1,11,6,0.00021920000000000002,1.6150000000000013e-05,0.0002135,79400.0,79763.56,80254.0,82126.8342
G1,40,0.29999999999999993,1e-08,P2oP2,1,1,0.0,0.0,5,2,2,5,0,0.0001674,1.1699999999999959e-05,0.00016030000000000002,81520.0,82044.48000000001,82752.0,85453.7936
G1,40,0.29999999999999993,1e-10,hatP2,1,1,0.0,0.0,5,2,1,11,6,0.0002189,1.5750000000000003e-05,0.0002131,79400.0,79763.56,80254.0,82126.8342
G1,40,0.29999999999999993,1e-10,P2oP2,1,1,0.0,0.0,5,2,2,5,0,0.0001641,9.050000000000003e-06,0.0001599,81520.0,82044.48000000001,82752.0,85453.7936
G1,40,0.29999999999999993,1e-12,hatP2,1,1,0.0,0.0,5,2,1,11,6,0.0002244,6.539999999999996e-05,0.0002131,79400.0,79763.56,80254.0,82126.8342
G1,40,0.29999999999999993,1e-12,P2oP2,1,1,0.0,0.0,5,2,2,5,0,0.00016600000000000002,1.8749999999999995e-05,0.00016140000000000002,81520.0,82044.48000000001,82752.0,85453.7936
G1,40,0.6000000000000001,1e-08,hatP2,1,1,5.848455842321796e-16,1.4946834900704541e-16,5,2,1,11,6,0.0002176,1.7950000000000003e-05,0.00021290000000000002,79400.0,79763.56,80254.0,82126.8342
G1,40,0.6000000000000001,1e-08,P2oP2,1,1,2.4504062544561596e-16,6.206335383118183e-17,5,2,2,5,0,0.000165,6.520000000000001e-05,0.0001618,81520.0,82044.48000000001,82752.0,85453.7936
G1,40,0.6000000000000001,1e-10,hatP2,1,1,5.848455842321796e-16,1.4946834900704541e-16,5,2,1,11,6,0.00021930000000000002,8.399999999999987e-06,0.00021,79400.0,79763.56,80254.0,82126.8342
G1,40,0.6000000000000001,1e-10,P2oP2,1,1,2.4504062544561596e-16,6.206335383118183e-17,5,2,2,5,0,0.00016690000000000002,1.1099999999999972e-05,0.00016130000000000002,81520.0,82044.48000000001,82752.0,85453.7936
G1,40,0.6000000000000001,1e-12,hatP2,1,1,5.848455842321796e-16,1.4946834900704541e-16,5,2,1,11,6,0.0002187,1.1999999999999994e-05,0.0002124,79400.0,79763.56,80254.0,82126.8342
G1,40,0.6000000000000001,1e-12,P2oP2,1,1,2.4504062544561596e-16,6.206335383118183e-17,5,2,2,5,0,0.0001666,1.0350000000000008e-05,0.0001606,81520.0,82044.48000000001,82752.0,85453.7936
G1,55,0.09999999999999996,1e-08,hatP2,1,1,0.0,0.0,5,2,1,11,6,0.0002544,1.9499999999999986e-05,0.0002461,165000.0,165622.82,166463.0,169671.3799
G1,55,0.09999999999999996,1e-08,P2oP2,1,1,0.0,0.0,5,2,2,5,0,0.00020280000000000002,2.115e-05,0.0001974,184140.0,185107.01,186411.5,191392.93195
G1,55,0.09999999999999996,1e-10,hatP2,1,1,0.0,0.0,5,2,1,11,6,0.0002495,9.549999999999988e-06,0.00024450000000000003,165000.0,165622.82,166463.0,169671.3799
G1,55,0.09999999999999996,1e-10,P2oP2,1,1,0.0,0.0,5,2,2,5,0,0.0001996,6.950000000000006e-06,0.00019690000000000002,184140.0,185107.01,186411.5,191392.93195
G1,55,0.09999999999999996,1e-12,hatP2,1,1,0.0,0.0,5,2,1,11,6,0.0002522,1.3150000000000021e-05,0.000245,165000.0,165622.82,166463.0,169671.3799
G1,55,0.09999999999999996,1e-12,P2oP2,1,1,0.0,0.0,5,2,2,5,0,0.0002008,7.600000000000022e-06,0.0001974,184140.0,185107.01,186411.5,191392.93195
G1,55,0.30000000000000016,1e-08,hatP2,1,1,0.0,0.0,5,2,1,11,6,0.00025120000000000003,9.249999999999981e-06,0.00024700000000000004,165000.0,165622.82,166463.0,169671.3799
G1,55,0.30000000000000016,1e-08,P2oP2,1,1,0.0,0.0,5,2,2,5,0,0.0002021,1.155000000000001e-05,0.00019600000000000002,184140.0,185107.01,186411.5,191392.93195
G1,55,0.30000000000000016,1e-10,hatP2,1,1,0.0,0.0,5,2,1,11,6,0.0002572,1.6300000000000017e-05,0.0002482,165000.0,165622.82,166463.0,169671.3799
G1,55,0.30000000000000016,1e-10,P2oP2,1,1,0.0,0.0,5,2,2,5,0,0.0002033,1.0499999999999984e-05,0.0001979,184140.0,185107.01,186411.5,191392.93195
G1,55,0.30000000000000016,1e-12,hatP2,1,1,0.0,0.0,5,2,1,11,6,0.00025120000000000003,8.699999999999995e-06,0.0002436,165000.0,165622.82,166463.0,169671.3799
G1,55,0.30000000000000016,1e-12,P2oP2,1,1,0.0,0.0,5,2,2,5,0,0.00020240000000000001,6.950000000000033e-06,0.0001942,184140.0,185107.01,186411.5,191392.93195
G1,55,0.6000000000000001,1e-08,hatP2,1,1,1.2046555947547255e-16,3.1031676915590914e-17,5,2,1,11,6,0.0002522,1.654999999999994e-05,0.0002463,165000.0,165622.82,166463.0,169671.3799
G1,55,0.6000000000000001,1e-08,P2oP2,1,1,5.679412666893312e-17,1.3877787807814457e-17,5,2,2,5,0,0.00020800000000000001,1.1350000000000005e-05,0.0001975,184140.0,185107.01,186411.5,191392.93195
G1,55,0.6000000000000001,1e-10,hatP2,1,1,1.2046555947547255e-16,3.1031676915590914e-17,5,2,1,11,6,0.0002552,1.6350000000000045e-05,0.0002449,165000.0,165622.82,166463.0,169671.3799
G1,55,0.6000000000000001,1e-10,P2oP2,1,1,5.679412666893312e-17,1.3877787807814457e-17,5,2,2,5,0,0.00020270000000000002,1.3850000000000011e-05,0.00019720000000000002,184140.0,185107.01,186411.5,191392.93195
G1,55,0.6000000000000001,1e-12,hatP2,1,1,1.2046555947547255e-16,3.1031676915590914e-17,5,2,1,11,6,0.0002539,1.2849999999999906e-05,0.000246,165000.0,165622.82,166463.0,169671.3799
G1,55,0.6000000000000001,1e-12,P2oP2,1,1,5.679412666893312e-17,1.3877787807814457e-17,5,2,2,5,0,0.00020280000000000002,1.5000000000000012e-05,0.00019710000000000002,184140.0,185107.01,186411.5,191392.93195
G1,100,0.10000000000000042,1e-08,hatP2,1,1,0.0,0.0,5,2,1,11,6,0.0003546,2.7349999999999987e-05,0.0003322,694500.0,696302.8999999999,698735.0,708022.4155000001
G1,100,0.10000000000000042,1e-08,P2oP2,1,1,0.0,0.0,5,2,2,5,0,0.0003084,3.2749999999999956e-05,0.0002946,907800.0,910899.2,915080.0,931045.1440000001
G1,100,0.10000000000000042,1e-10,hatP2,1,1,0.0,0.0,5,2,1,11,6,0.0003438,2.440000000000005e-05,0.00032980000000000005,694500.0,696302.8999999999,698735.0,708022.4155000001
G1,100,0.10000000000000042,1e-10,P2oP2,1,1,0.0,0.0,5,2,2,5,0,0.0003042,1.4800000000000034e-05,0.00029380000000000004,907800.0,910899.2,915080.0,931045.1440000001
G1,100,0.10000000000000042,1e-12,hatP2,1,1,0.0,0.0,5,2,1,11,6,0.0003399,1.6750000000000055e-05,0.00032910000000000003,694500.0,696302.8999999999,698735.0,708022.4155000001
G1,100,0.10000000000000042,1e-12,P2oP2,1,1,0.0,0.0,5,2,2,5,0,0.0003042,1.4700000000000086e-05,0.0002931,907800.0,910899.2,915080.0,931045.1440000001
G1,100,0.3000000000000004,1e-08,hatP2,1,1,0.0,0.0,5,2,1,11,6,0.00034050000000000004,2.0849999999999992e-05,0.0003309,694500.0,696302.8999999999,698735.0,708022.4155000001
G1,100,0.3000000000000004,1e-08,P2oP2,1,1,0.0,0.0,5,2,2,5,0,0.0003016,1.184999999999999e-05,0.0002943,907800.0,910899.2,915080.0,931045.1440000001
G1,100,0.3000000000000004,1e-10,hatP2,1,1,0.0,0.0,5,2,1,11,6,0.00034,1.2799999999999986e-05,0.00033160000000000004,694500.0,696302.8999999999,698735.0,708022.4155000001
G1,100,0.3000000000000004,1e-10,P2oP2,1,1,0.0,0.0,5,2,2,5,0,0.0002992,8.000000000000032e-06,0.0002943,907800.0,910899.2,915080.0,931045.1440000001
G1,100,0.3000000000000004,1e-12,hatP2,1,1,0.0,0.0,5,2,1,11,6,0.0003443,3.845000000000004e-05,0.0003323,694500.0,696302.8999999999,698735.0,708022.4155000001
G1,100,0.3000000000000004,1e-12,P2oP2,1,1,0.0,0.0,5,2,2,5,0,0.00030920000000000003,2.1699999999999985e-05,0.0002949,907800.0,910899.2,915080.0,931045.1440000001
G1,100,0.5999999999999996,1e-08,hatP2,1,1,0.0,0.0,5,2,1,11,6,0.000346,1.544999999999997e-05,0.0003321,694500.0,696302.8999999999,698735.0,708022.4155000001
G1,100,0.5999999999999996,1e-08,P2oP2,1,1,0.0,0.0,5,2,2,5,0,0.0003009,9.949999999999998e-06,0.000297,907800.0,910899.2,915080.0,931045.1440000001
G1,100,0.5999999999999996,1e-10,hatP2,1,1,0.0,0.0,5,2,1,11,6,0.00034500000000000004,2.6300000000000043e-05,0.00033200000000000005,694500.0,696302.8999999999,698735.0,708022.4155000001
G1,100,0.5999999999999996,1e-10,P2oP2,1,1,0.0,0.0,5,2,2,5,0,0.0003041,2.0850000000000046e-05,0.0002943,907800.0,910899.2,915080.0,931045.1440000001
G1,100,0.5999999999999996,1e-12,hatP2,1,1,0.0,0.0,5,2,1,11,6,0.00033870000000000005,1.4349999999999996e-05,0.0003331,694500.0,696302.8999999999,698735.0,708022.4155000001
G1,100,0.5999999999999996,1e-12,P2oP2,1,1,0.0,0.0,5,2,2,5,0,0.00030070000000000004,1.0000000000000026e-05,0.0002929,907800.0,910899.2,915080.0,931045.1440000001
G1,200,0.09999999999999927,1e-08,hatP2,1,1,0.0,0.0,5,2,1,11,6,0.0012982,7.925000000000011e-05,0.0011710000000000002,4109000.0,4115585.8000000003,4124470.0,4158395.931
G1,200,0.09999999999999927,1e-08,P2oP2,1,1,0.0,0.0,5,2,2,5,0,0.0017922,0.0001198000000000002,0.0016911,6295600.0,6307758.4,6324160.0,6386792.488
G1,200,0.09999999999999927,1e-10,hatP2,1,1,0.0,0.0,5,2,1,11,6,0.0012416,5.4699999999999974e-05,0.0011743,4109000.0,4115585.8000000003,4124470.0,4158395.931
G1,200,0.09999999999999927,1e-10,P2oP2,1,1,0.0,0.0,5,2,2,5,0,0.0017705000000000002,0.0001263499999999999,0.0016604,6295600.0,6307758.4,6324160.0,6386792.488
G1,200,0.09999999999999927,1e-12,hatP2,1,1,0.0,0.0,5,2,1,11,6,0.0012698000000000002,0.00011004999999999999,0.0011733000000000002,4109000.0,4115585.8000000003,4124470.0,4158395.931
G1,200,0.09999999999999927,1e-12,P2oP2,1,1,0.0,0.0,5,2,2,5,0,0.0018369,0.00011749999999999998,0.0017173000000000002,6295600.0,6307758.4,6324160.0,6386792.488
G1,200,0.3000000000000004,1e-08,hatP2,1,1,0.0,0.0,5,2,1,11,6,0.0012583000000000002,7.390000000000001e-05,0.00117,4109000.0,4115585.8000000003,4124470.0,4158395.931
G1,200,0.3000000000000004,1e-08,P2oP2,1,1,0.0,0.0,5,2,2,5,0,0.0017735000000000001,0.00015329999999999988,0.0016625000000000001,6295600.0,6307758.4,6324160.0,6386792.488
G1,200,0.3000000000000004,1e-10,hatP2,1,1,0.0,0.0,5,2,1,11,6,0.0012505,9.580000000000005e-05,0.0011784,4109000.0,4115585.8000000003,4124470.0,4158395.931
G1,200,0.3000000000000004,1e-10,P2oP2,1,1,0.0,0.0,5,2,2,5,0,0.0017688,0.00013265,0.0016449000000000001,6295600.0,6307758.4,6324160.0,6386792.488
G1,200,0.3000000000000004,1e-12,hatP2,1,1,0.0,0.0,5,2,1,11,6,0.0012683,9.470000000000008e-05,0.0011768,4109000.0,4115585.8000000003,4124470.0,4158395.931
G1,200,0.3000000000000004,1e-12,P2oP2,1,1,0.0,0.0,5,2,2,5,0,0.0017767000000000002,0.00010745000000000025,0.0016610000000000001,6295600.0,6307758.4,6324160.0,6386792.488
G1,200,0.5999999999999995,1e-08,hatP2,1,1,0.0,0.0,5,2,1,11,6,0.0012599,0.00012695000000000002,0.0011872,4109000.0,4115585.8000000003,4124470.0,4158395.931
G1,200,0.5999999999999995,1e-08,P2oP2,1,1,0.0,0.0,5,2,2,5,0,0.0017891,0.00012455000000000018,0.0016090000000000002,6295600.0,6307758.4,6324160.0,6386792.488
G1,200,0.5999999999999995,1e-10,hatP2,1,1,0.0,0.0,5,2,1,11,6,0.0012432,7.605000000000003e-05,0.0011657,4109000.0,4115585.8000000003,4124470.0,4158395.931
G1,200,0.5999999999999995,1e-10,P2oP2,1,1,0.0,0.0,5,2,2,5,0,0.0017661,0.00012300000000000006,0.0016274000000000002,6295600.0,6307758.4,6324160.0,6386792.488
G1,200,0.5999999999999995,1e-12,hatP2,1,1,0.0,0.0,5,2,1,11,6,0.0012729,7.474999999999973e-05,0.0011815,4109000.0,4115585.8000000003,4124470.0,4158395.931
G1,200,0.5999999999999995,1e-12,P2oP2,1,1,0.0,0.0,5,2,2,5,0,0.0018208,0.00018125,0.0016859000000000002,6295600.0,6307758.4,6324160.0,6386792.488
G5,40,0.10000000000000006,1e-08,hatP2,1,1,0.0,0.0,5,2,1,11,6,0.0002378,1.5449999999999996e-05,0.000232,86576.0,86939.56,87430.0,89302.8342
G5,40,0.10000000000000006,1e-08,P2oP2,1,1,0.0,0.0,5,2,2,5,0,0.00018700000000000002,1.4749999999999979e-05,0.0001799,88696.0,89220.48000000001,89928.0,92629.7936
G5,40,0.10000000000000006,1e-10,hatP2,1,1,0.0,0.0,5,2,1,11,6,0.0002459,2.0799999999999963e-05,0.00023420000000000003,86576.0,86939.56,87430.0,89302.8342
G5,40,0.10000000000000006,1e-10,P2oP2,1,1,0.0,0.0,5,2,2,5,0,0.00018610000000000002,2.2499999999999734e-06,0.00018130000000000002,88696.0,89220.48000000001,89928.0,92629.7936
G5,40,0.10000000000000006,1e-12,hatP2,1,1,0.0,0.0,5,2,1,11,6,0.00023960000000000002,1.3450000000000002e-05,0.00023300000000000003,86576.0,86939.56,87430.0,89302.8342
G5,40,0.10000000000000006,1e-12,P2oP2,1,1,0.0,0.0,5,2,2,5,0,0.00018800000000000002,1.4999999999999985e-05,0.0001823,88696.0,89220.48000000001,89928.0,92629.7936
G5,40,0.29999999999999993,1e-08,hatP2,1,1,0.0,0.0,5,2,1,11,6,0.00023840000000000002,1.785e-05,0.00023400000000000002,86576.0,86939.56,87430.0,89302.8342
G5,40,0.29999999999999993,1e-08,P2oP2,1,1,0.0,0.0,5,2,2,5,0,0.00018720000000000002,1.460000000000003e-05,0.00018130000000000002,88696.0,89220.48000000001,89928.0,92629.7936
G5,40,0.29999999999999993,1e-10,hatP2,1,1,0.0,0.0,5,2,1,11,6,0.00024090000000000003,2.1350000000000004e-05,0.00023300000000000003,86576.0,86939.56,87430.0,89302.8342
G5,40,0.29999999999999993,1e-10,P2oP2,1,1,0.0,0.0,5,2,2,5,0,0.0001955,2.1349999999999977e-05,0.0001818,88696.0,89220.48000000001,89928.0,92629.7936
G5,40,0.29999999999999993,1e-12,hatP2,1,1,0.0,0.0,5,2,1,11,6,0.00023930000000000002,1.7349999999999988e-05,0.0002333,86576.0,86939.56,87430.0,89302.8342
G5,40,0.29999999999999993,1e-12,P2oP2,1,1,0.0,0.0,5,2,2,5,0,0.00018570000000000001,1.2350000000000029e-05,0.0001817,88696.0,89220.48000000001,89928.0,92629.7936
G5,40,0.6000000000000001,1e-08,hatP2,1,1,0.0,0.0,5,2,1,11,6,0.0002435,2.655000000000005e-05,0.0002344,86576.0,86939.56,87430.0,89302.8342
G5,40,0.6000000000000001,1e-08,P2oP2,1,1,0.0,0.0,5,2,2,5,0,0.0001877,1.0799999999999991e-05,0.0001821,88696.0,89220.48000000001,89928.0,92629.7936
G5,40,0.6000000000000001,1e-10,hatP2,1,1,0.0,0.0,5,2,1,11,6,0.00024090000000000003,1.4150000000000019e-05,0.00023700000000000001,86576.0,86939.56,87430.0,89302.8342
G5,40,0.6000000000000001,1e-10,P2oP2,1,1,0.0,0.0,5,2,2,5,0,0.0001874,1.9949999999999997e-05,0.0001822,88696.0,89220.48000000001,89928.0,92629.7936
G5,40,0.6000000000000001,1e-12,hatP2,1,1,0.0,0.0,5,2,1,11,6,0.00024150000000000002,2.069999999999996e-05,0.0002332,86576.0,86939.56,87430.0,89302.8342
G5,40,0.6000000000000001,1e-12,P2oP2,1,1,0.0,0.0,5,2,2,5,0,0.00018710000000000002,2.1549999999999982e-05,0.0001798,88696.0,89220.48000000001,89928.0,92629.7936
G5,55,0.09999999999999996,1e-08,hatP2,1,1,0.0,0.0,5,2,1,11,6,0.00028240000000000003,1.5149999999999962e-05,0.0002664,174867.0,175489.82,176330.0,179538.3799
G5,55,0.09999999999999996,1e-08,P2oP2,1,1,0.0,0.0,5,2,2,5,0,0.0002246,2.739999999999999e-05,0.0002188,194007.0,194974.01,196278.5,201259.93195
G5,55,0.09999999999999996,1e-10,hatP2,1,1,0.0,0.0,5,2,1,11,6,0.0002829,4.285000000000004e-05,0.00026660000000000003,174867.0,175489.82,176330.0,179538.3799
G5,55,0.09999999999999996,1e-10,P2oP2,1,1,0.0,0.0,5,2,2,5,0,0.0002367,2.7549999999999992e-05,0.0002164,194007.0,194974.01,196278.5,201259.93195
G5,55,0.09999999999999996,1e-12,hatP2,1,1,0.0,0.0,5,2,1,11,6,0.00027560000000000003,1.519999999999999e-05,0.0002657,174867.0,175489.82,176330.0,179538.3799
G5,55,0.09999999999999996,1e-12,P2oP2,1,1,0.0,0.0,5,2,2,5,0,0.0002223,1.3299999999999998e-05,0.00021930000000000002,194007.0,194974.01,196278.5,201259.93195
G5,55,0.30000000000000016,1e-08,hatP2,1,1,0.0,0.0,5,2,1,11,6,0.0002725,1.7100000000000036e-05,0.0002672,174867.0,175489.82,176330.0,179538.3799
G5,55,0.30000000000000016,1e-08,P2oP2,1,1,0.0,0.0,5,2,2,5,0,0.00023040000000000002,2.304999999999999e-05,0.0002201,194007.0,194974.01,196278.5,201259.93195
G5,55,0.30000000000000016,1e-10,hatP2,1,1,0.0,0.0,5,2,1,11,6,0.0002741,2.335e-05,0.00026680000000000003,174867.0,175489.82,176330.0,179538.3799
G5,55,0.30000000000000016,1e-10,P2oP2,1,1,0.0,0.0,5,2,2,5,0,0.00022370000000000002,1.2750000000000012e-05,0.00021950000000000002,194007.0,194974.01,196278.5,201259.93195
G5,55,0.30000000000000016,1e-12,hatP2,1,1,0.0,0.0,5,2,1,11,6,0.0002769,1.1949999999999992e-05,0.0002682,174867.0,175489.82,176330.0,179538.3799
G5,55,0.30000000000000016,1e-12,P2oP2,1,1,0.0,0.0,5,2,2,5,0,0.00022300000000000003,1.6199999999999987e-05,0.00021830000000000002,194007.0,194974.01,196278.5,201259.93195
G5,55,0.6000000000000001,1e-08,hatP2,1,1,0.0,0.0,5,2,1,11,6,0.00027330000000000003,5.950000000000009e-06,0.00026670000000000003,174867.0,175489.82,176330.0,179538.3799
G5,55,0.6000000000000001,1e-08,P2oP2,1,1,0.0,0.0,5,2,2,5,0,0.0002257,8.750000000000023e-06,0.00022150000000000002,194007.0,194974.01,196278.5,201259.93195
G5,55,0.6000000000000001,1e-10,hatP2,1,1,0.0,0.0,5,2,1,11,6,0.00027390000000000004,1.3499999999999949e-05,0.00026890000000000003,174867.0,175489.82,176330.0,179538.3799
G5,55,0.6000000000000001,1e-10,P2oP2,1,1,0.0,0.0,5,2,2,5,0,0.00022410000000000003,1.34e-05,0.00021830000000000002,194007.0,194974.01,196278.5,201259.93195
G5,55,0.6000000000000001,1e-12,hatP2,1,1,0.0,0.0,5,2,1,11,6,0.00027350000000000003,1.1550000000000037e-05,0.00026880000000000003,174867.0,175489.82,176330.0,179538.3799
G5,55,0.6000000000000001,1e-12,P2oP2,1,1,0.0,0.0,5,2,2,5,0,0.00022360000000000001,1.335e-05,0.00021960000000000003,194007.0,194974.01,196278.5,201259.93195
G5,100,0.10000000000000042,1e-08,hatP2,1,1,0.0,0.0,5,2,1,11,6,0.0003679,2.1100000000000025e-05,0.0003522,712440.0,714242.8999999999,716675.0,725962.4155000001
G5,100,0.10000000000000042,1e-08,P2oP2,1,1,0.0,0.0,5,2,2,5,0,0.0003267,1.2700000000000038e-05,0.00031590000000000003,925740.0,928839.2,933020.0,948985.1440000001
G5,100,0.10000000000000042,1e-10,hatP2,1,1,0.0,0.0,5,2,1,11,6,0.0003636,2.5199999999999962e-05,0.0003478,712440.0,714242.8999999999,716675.0,725962.4155000001
G5,100,0.10000000000000042,1e-10,P2oP2,1,1,0.0,0.0,5,2,2,5,0,0.0003308,5.245e-05,0.000315,925740.0,928839.2,933020.0,948985.1440000001
G5,100,0.10000000000000042,1e-12,hatP2,1,1,0.0,0.0,5,2,1,11,6,0.000362,1.375000000000009e-05,0.00035620000000000004,712440.0,714242.8999999999,716675.0,725962.4155000001
G5,100,0.10000000000000042,1e-12,P2oP2,1,1,0.0,0.0,5,2,2,5,0,0.0003322,1.4550000000000001e-05,0.0003192,925740.0,928839.2,933020.0,948985.1440000001
G5,100,0.3000000000000004,1e-08,hatP2,1,1,0.0,0.0,5,2,1,11,6,0.0003686,1.699999999999998e-05,0.00035600000000000003,712440.0,714242.8999999999,716675.0,725962.4155000001
G5,100,0.3000000000000004,1e-08,P2oP2,1,1,0.0,0.0,5,2,2,5,0,0.0003332,3.284999999999996e-05,0.0003199,925740.0,928839.2,933020.0,948985.1440000001
G5,100,0.3000000000000004,1e-10,hatP2,1,1,0.0,0.0,5,2,1,11,6,0.0003732,3.250000000000003e-05,0.0003577,712440.0,714242.8999999999,716675.0,725962.4155000001
G5,100,0.3000000000000004,1e-10,P2oP2,1,1,0.0,0.0,5,2,2,5,0,0.0003412,2.7300000000000013e-05,0.0003238,925740.0,928839.2,933020.0,948985.1440000001
G5,100,0.3000000000000004,1e-12,hatP2,1,1,0.0,0.0,5,2,1,11,6,0.0003643,2.115e-05,0.00035610000000000004,712440.0,714242.8999999999,716675.0,725962.4155000001
G5,100,0.3000000000000004,1e-12,P2oP2,1,1,0.0,0.0,5,2,2,5,0,0.000335,2.2199999999999998e-05,0.0003219,925740.0,928839.2,933020.0,948985.1440000001
G5,100,0.5999999999999996,1e-08,hatP2,1,1,0.0,0.0,5,2,1,11,6,0.0003688,2.540000000000002e-05,0.0003567,712440.0,714242.8999999999,716675.0,725962.4155000001
G5,100,0.5999999999999996,1e-08,P2oP2,1,1,0.0,0.0,5,2,2,5,0,0.0003345,1.7199999999999984e-05,0.000322,925740.0,928839.2,933020.0,948985.1440000001
G5,100,0.5999999999999996,1e-10,hatP2,1,1,0.0,0.0,5,2,1,11,6,0.0003725,2.224999999999997e-05,0.00035810000000000003,712440.0,714242.8999999999,716675.0,725962.4155000001
G5,100,0.5999999999999996,1e-10,P2oP2,1,1,0.0,0.0,5,2,2,5,0,0.0003263,2.015000000000003e-05,0.0003214,925740.0,928839.2,933020.0,948985.1440000001
G5,100,0.5999999999999996,1e-12,hatP2,1,1,0.0,0.0,5,2,1,11,6,0.00037180000000000004,2.1799999999999988e-05,0.00035860000000000004,712440.0,714242.8999999999,716675.0,725962.4155000001
G5,100,0.5999999999999996,1e-12,P2oP2,1,1,0.0,0.0,5,2,2,5,0,0.00033580000000000003,1.675e-05,0.0003238,925740.0,928839.2,933020.0,948985.1440000001
G5,200,0.09999999999999927,1e-08,hatP2,1,1,0.0,0.0,5,2,1,11,6,0.001268,6.294999999999999e-05,0.001173,4144880.0,4151465.8000000003,4160350.0,4194275.931
G5,200,0.09999999999999927,1e-08,P2oP2,1,1,0.0,0.0,5,2,2,5,0,0.0018185,9.909999999999997e-05,0.0016504,6331480.0,6343638.4,6360040.0,6422672.488
G5,200,0.09999999999999927,1e-10,hatP2,1,1,0.0,0.0,5,2,1,11,6,0.001304,0.0001401000000000002,0.0012014,4144880.0,4151465.8000000003,4160350.0,4194275.931
G5,200,0.09999999999999927,1e-10,P2oP2,1,1,0.0,0.0,5,2,2,5,0,0.0018308,0.00016180000000000014,0.0016547,6331480.0,6343638.4,6360040.0,6422672.488
G5,200,0.09999999999999927,1e-12,hatP2,1,1,0.0,0.0,5,2,1,11,6,0.0013068,0.0001114,0.0011991,4144880.0,4151465.8000000003,4160350.0,4194275.931
G5,200,0.09999999999999927,1e-12,P2oP2,1,1,0.0,0.0,5,2,2,5,0,0.001804,8.924999999999992e-05,0.0016560000000000001,6331480.0,6343638.4,6360040.0,6422672.488
G5,200,0.3000000000000004,1e-08,hatP2,1,1,0.0,0.0,5,2,1,11,6,0.0012974,8.934999999999998e-05,0.0012193,4144880.0,4151465.8000000003,4160350.0,4194275.931
G5,200,0.3000000000000004,1e-08,P2oP2,1,1,0.0,0.0,5,2,2,5,0,0.0018022000000000001,0.00012155,0.0017059000000000002,6331480.0,6343638.4,6360040.0,6422672.488
G5,200,0.3000000000000004,1e-10,hatP2,1,1,0.0,0.0,5,2,1,11,6,0.0012839000000000001,6.959999999999996e-05,0.0011829,4144880.0,4151465.8000000003,4160350.0,4194275.931
G5,200,0.3000000000000004,1e-10,P2oP2,1,1,0.0,0.0,5,2,2,5,0,0.0018522,0.0001273000000000001,0.0016705000000000001,6331480.0,6343638.4,6360040.0,6422672.488
G5,200,0.3000000000000004,1e-12,hatP2,1,1,0.0,0.0,5,2,1,11,6,0.001312,0.00011204999999999982,0.0012194,4144880.0,4151465.8000000003,4160350.0,4194275.931
G5,200,0.3000000000000004,1e-12,P2oP2,1,1,0.0,0.0,5,2,2,5,0,0.0018229000000000001,8.710000000000011e-05,0.0016793,6331480.0,6343638.4,6360040.0,6422672.488
G5,200,0.5999999999999995,1e-08,hatP2,1,1,0.0,0.0,5,2,1,11,6,0.0012996000000000001,0.00011360000000000016,0.0012289,4144880.0,4151465.8000000003,4160350.0,4194275.931
G5,200,0.5999999999999995,1e-08,P2oP2,1,1,0.0,0.0,5,2,2,5,0,0.0018717,0.00012514999999999987,0.0017056,6331480.0,6343638.4,6360040.0,6422672.488
G5,200,0.5999999999999995,1e-10,hatP2,1,1,0.0,0.0,5,2,1,11,6,0.0012951,8.859999999999988e-05,0.0012022,4144880.0,4151465.8000000003,4160350.0,4194275.931
G5,200,0.5999999999999995,1e-10,P2oP2,1,1,0.0,0.0,5,2,2,5,0,0.0018386000000000001,0.00013365000000000013,0.0016922,6331480.0,6343638.4,6360040.0,6422672.488
G5,200,0.5999999999999995,1e-12,hatP2,1,1,0.0,0.0,5,2,1,11,6,0.0013029,0.00013234999999999983,0.0011941,4144880.0,4151465.8000000003,4160350.0,4194275.931
G5,200,0.5999999999999995,1e-12,P2oP2,1,1,0.0,0.0,5,2,2,5,0,0.0018222000000000002,0.00013260000000000008,0.0017243,6331480.0,6343638.4,6360040.0,6422672.488
