system,n,delta,tol,method,cycles,converged,residual,error,F_total_including_terminal,J,LU,solves,matvec_entries,vector_scale_entries,time_median_s,time_iqr_s,time_min_s,work_total_k1p0,work_total_k1p298,work_total_k1p7,work_total_k3p23511
H1,20,0.1,1e-08,P5,1,1,7.40450997286216e-13,1.8246516517995312e-13,6,1,1,5,0,0,0.0001262,6.199999999999988e-06,0.0001229,12920.0,13006.419999999998,13123.0,13568.181900000001
H1,20,0.1,1e-08,M6,1,1,9.557787253587376e-13,2.327685849629159e-13,4,2,1,5,800,40,0.0001249,1.2550000000000009e-05,0.0001199,12100.0,12186.419999999998,12303.0,12748.181900000001
H2,50,0.1000000000000002,1e-08,P5,1,1,0.0,0.0,6,1,1,5,0,0,0.0001706,1.2950000000000017e-05,0.0001675,114650.0,115089.55,115682.5,117946.78725
H2,50,0.1000000000000002,1e-08,M6,1,1,3.496750111603816e-15,8.95090418262362e-16,4,2,1,5,5000,100,0.0001729,1.1699999999999986e-05,0.0001681,108250.0,108689.55,109282.5,111546.78725
H3,100,0.1000000000000004,1e-08,P5,1,1,0.0,0.0,6,1,1,5,0,0,0.0002355,1.8599999999999964e-05,0.0002305,592500.0,594153.8999999999,596385.0,604904.8605000001
H3,100,0.1000000000000004,1e-08,M6,1,1,3.72014413826016e-15,9.155133597044477e-16,4,2,1,5,20000,200,0.0002471,1.445e-05,0.0002396,569900.0,571583.7,573855.0,582528.3715
H4,150,0.0999999999999998,1e-08,P5,1,1,5.5102214927216124e-17,1.3877787807814457e-17,6,1,1,5,0,0,0.0005397,4.110000000000008e-05,0.000511,1716850.0,1720448.3499999999,1725302.5,1743838.9532500003
H4,150,0.0999999999999998,1e-08,M6,1,1,9.11760061461197e-15,2.2315638142795905e-15,4,2,1,5,45000,300,0.0005633,6.180000000000009e-05,0.0005202,1665550.0,1669193.0499999998,1674107.5,1692874.2197500002
H5,200,0.0999999999999992,1e-08,P5,1,1,0.0,0.0,6,1,1,5,0,0,0.0010232,6.765000000000026e-05,0.0009696,3707400.0,3713687.8000000003,3722170.0,3754560.8209999995
H5,200,0.0999999999999992,1e-08,M6,1,1,1.801529696042477e-15,4.440892098500626e-16,4,2,1,5,80000,400,0.0010579,6.619999999999998e-05,0.0010026,3619000.0,3625347.4000000004,3633910.0,3666607.843
H1,20,0.1,1e-10,P5,1,1,7.40450997286216e-13,1.8246516517995312e-13,6,1,1,5,0,0,0.0001276,1.0649999999999988e-05,0.0001226,12920.0,13006.419999999998,13123.0,13568.181900000001
H1,20,0.1,1e-10,M6,1,1,9.557787253587376e-13,2.327685849629159e-13,4,2,1,5,800,40,0.0001259,1.1300000000000004e-05,0.0001219,12100.0,12186.419999999998,12303.0,12748.181900000001
H2,50,0.1000000000000002,1e-10,P5,1,1,0.0,0.0,6,1,1,5,0,0,0.0001734,1.3749999999999982e-05,0.0001695,114650.0,115089.55,115682.5,117946.78725
H2,50,0.1000000000000002,1e-10,M6,1,1,3.496750111603816e-15,8.95090418262362e-16,4,2,1,5,5000,100,0.0001715,1.3249999999999997e-05,0.0001681,108250.0,108689.55,109282.5,111546.78725
H3,100,0.1000000000000004,1e-10,P5,1,1,0.0,0.0,6,1,1,5,0,0,0.0002512,2.2850000000000013e-05,0.0002359,592500.0,594153.8999999999,596385.0,604904.8605000001
H3,100,0.1000000000000004,1e-10,M6,1,1,3.72014413826016e-15,9.155133597044477e-16,4,2,1,5,20000,200,0.0002512,1.8749999999999995e-05,0.0002432,569900.0,571583.7,573855.0,582528.3715
H4,150,0.0999999999999998,1e-10,P5,1,1,5.5102214927216124e-17,1.3877787807814457e-17,6,1,1,5,0,0,0.0005708,6.544999999999999e-05,0.0005202,1716850.0,1720448.3499999999,1725302.5,1743838.9532500003
H4,150,0.0999999999999998,1e-10,M6,1,1,9.11760061461197e-15,2.2315638142795905e-15,4,2,1,5,45000,300,0.0005717,7.519999999999988e-05,0.0005293,1665550.0,1669193.0499999998,1674107.5,1692874.2197500002
H5,200,0.0999999999999992,1e-10,P5,1,1,0.0,0.0,6,1,1,5,0,0,0.0010166,7.860000000000007e-05,0.0009501,3707400.0,3713687.8000000003,3722170.0,3754560.8209999995
H5,200,0.0999999999999992,1e-10,M6,1,1,1.801529696042477e-15,4.440892098500626e-16,4,2,1,5,80000,400,0.0010395,0.0001627,0.0009716,3619000.0,3625347.4000000004,3633910.0,3666607.843
H1,20,0.1,1e-12,P5,1,1,7.40450997286216e-13,1.8246516517995312e-13,6,1,1,5,0,0,0.0001258,6.399999999999993e-06,0.0001228,12920.0,13006.419999999998,13123.0,13568.181900000001
H1,20,0.1,1e-12,M6,1,1,9.557787253587376e-13,2.327685849629159e-13,4,2,1,5,800,40,0.0001252,7.50000000000002e-06,0.0001215,12100.0,12186.419999999998,12303.0,12748.181900000001
H2,50,0.1000000000000002,1e-12,P5,1,1,0.0,0.0,6,1,1,5,0,0,0.0001752,1.0400000000000009e-05,0.0001699,114650.0,115089.55,115682.5,117946.78725
H2,50,0.1000000000000002,1e-12,M6,1,1,3.496750111603816e-15,8.95090418262362e-16,4,2,1,5,5000,100,0.0001747,1.2350000000000002e-05,0.0001689,108250.0,108689.55,109282.5,111546.78725
H3,100,0.1000000000000004,1e-12,P5,1,1,0.0,0.0,6,1,1,5,0,0,0.0002442,3.885000000000002e-05,0.0002359,592500.0,594153.8999999999,596385.0,604904.8605000001
H3,100,0.1000000000000004,1e-12,M6,1,1,3.72014413826016e-15,9.155133597044477e-16,4,2,1,5,20000,200,0.0002506,3.0999999999999995e-05,0.0002453,569900.0,571583.7,573855.0,582528.3715
H4,150,0.0999999999999998,1e-12,P5,1,1,5.5102214927216124e-17,1.3877787807814457e-17,6,1,1,5,0,0,0.0005495,3.0100000000000027e-05,0.0005086,1716850.0,1720448.3499999999,1725302.5,1743838.9532500003
H4,150,0.0999999999999998,1e-12,M6,1,1,9.11760061461197e-15,2.2315638142795905e-15,4,2,1,5,45000,300,0.0005704,6.990000000000002e-05,0.0005202,1665550.0,1669193.0499999998,1674107.5,1692874.2197500002
H5,200,0.0999999999999992,1e-12,P5,1,1,0.0,0.0,6,1,1,5,0,0,0.0010378,8.434999999999996e-05,0.0009798,3707400.0,3713687.8000000003,3722170.0,3754560.8209999995
H5,200,0.0999999999999992,1e-12,M6,1,1,1.801529696042477e-15,4.440892098500626e-16,4,2,1,5,80000,400,0.0010821,0.0001271999999999,0.0009896,3619000.0,3625347.4000000004,3633910.0,3666607.843
H1,20,0.3,1e-08,P5,1,1,5.39446125025574e-10,1.3179840082587468e-10,6,1,1,5,0,0,0.000126,4.8500000000000095e-06,0.0001225,12920.0,13006.419999999998,13123.0,13568.181900000001
H1,20,0.3,1e-08,M6,1,1,7.059624980424905e-10,1.7105214622755072e-10,4,2,1,5,800,40,0.000125,8.09999999999998e-06,0.0001214,12100.0,12186.419999999998,12303.0,12748.181900000001
H2,50,0.3,1e-08,P5,1,1,1.862956419719287e-13,4.716646051326869e-14,6,1,1,5,0,0,0.0001776,1.969999999999999e-05,0.0001722,114650.0,115089.55,115682.5,117946.78725
H2,50,0.3,1e-08,M6,1,1,2.9432729935797256e-13,7.45123034285222e-14,4,2,1,5,5000,100,0.0001787,2.280000000000001e-05,0.0001735,108250.0,108689.55,109282.5,111546.78725
H3,100,0.3000000000000004,1e-08,P5,1,1,3.486971207970903e-14,8.74852265145054e-15,6,1,1,5,0,0,0.0002414,9.399999999999956e-06,0.0002345,592500.0,594153.8999999999,596385.0,604904.8605000001
H3,100,0.3000000000000004,1e-08,M6,1,1,5.161159269334417e-14,1.3052116611675827e-14,4,2,1,5,20000,200,0.0002522,7.800000000000027e-06,0.0002446,569900.0,571583.7,573855.0,582528.3715
H4,150,0.3000000000000001,1e-08,P5,1,1,3.879787178219992e-13,9.680329897849765e-14,6,1,1,5,0,0,0.0005759,0.0001021999999999,0.0005139,1716850.0,1720448.3499999999,1725302.5,1743838.9532500003
H4,150,0.3000000000000001,1e-08,M6,1,1,4.404020723465655e-13,1.0966629130826197e-13,4,2,1,5,45000,300,0.0006075,9.180000000000006e-05,0.0005373,1665550.0,1669193.0499999998,1674107.5,1692874.2197500002
H5,200,0.3000000000000004,1e-08,P5,1,1,4.5343403831095646e-14,1.1563686989138078e-14,6,1,1,5,0,0,0.0010745,0.0001299999999999,0.0010033,3707400.0,3713687.8000000003,3722170.0,3754560.8209999995
H5,200,0.3000000000000004,1e-08,M6,1,1,7.823712645223292e-14,1.9655421045127775e-14,4,2,1,5,80000,400,0.0011128,8.075000000000009e-05,0.0010488,3619000.0,3625347.4000000004,3633910.0,3666607.843
H1,20,0.3,1e-10,P5,2,1,0.0,0.0,11,2,2,11,0,0,0.0002519,1.0899999999999994e-05,0.0002458,25000.0,25178.799999999996,25420.0,26341.066000000003
H1,20,0.3,1e-10,M6,2,1,0.0,0.0,7,4,2,10,1600,80,0.0002356,1.8249999999999983e-05,0.0002303,22960.0,23132.839999999997,23366.0,24256.363800000003
H2,50,0.3,1e-10,P5,1,1,1.862956419719287e-13,4.716646051326869e-14,6,1,1,5,0,0,0.0001743,1.1600000000000013e-05,0.0001697,114650.0,115089.55,115682.5,117946.78725
H2,50,0.3,1e-10,M6,1,1,2.9432729935797256e-13,7.45123034285222e-14,4,2,1,5,5000,100,0.0001744,1.3600000000000004e-05,0.0001704,108250.0,108689.55,109282.5,111546.78725
H3,100,0.3000000000000004,1e-10,P5,1,1,3.486971207970903e-14,8.74852265145054e-15,6,1,1,5,0,0,0.0002457,2.739999999999999e-05,0.0002366,592500.0,594153.8999999999,596385.0,604904.8605000001
H3,100,0.3000000000000004,1e-10,M6,1,1,5.161159269334417e-14,1.3052116611675827e-14,4,2,1,5,20000,200,0.0002519,1.820000000000001e-05,0.0002454,569900.0,571583.7,573855.0,582528.3715
H4,150,0.3000000000000001,1e-10,P5,1,1,3.879787178219992e-13,9.680329897849765e-14,6,1,1,5,0,0,0.0005765,6.405000000000007e-05,0.0005189,1716850.0,1720448.3499999999,1725302.5,1743838.9532500003
H4,150,0.3000000000000001,1e-10,M6,1,1,4.404020723465655e-13,1.0966629130826197e-13,4,2,1,5,45000,300,0.0006116,0.00011115,0.0005383,1665550.0,1669193.0499999998,1674107.5,1692874.2197500002
H5,200,0.3000000000000004,1e-10,P5,1,1,4.5343403831095646e-14,1.1563686989138078e-14,6,1,1,5,0,0,0.0010622,0.0001287,0.0009834,3707400.0,3713687.8000000003,3722170.0,3754560.8209999995
H5,200,0.3000000000000004,1e-10,M6,1,1,7.823712645223292e-14,1.9655421045127775e-14,4,2,1,5,80000,400,0.0011056,0.0001383999999999,0.0010304,3619000.0,3625347.4000000004,3633910.0,3666607.843
H1,20,0.3,1e-12,P5,2,1,0.0,0.0,11,2,2,11,0,0,0.0002478,1.0700000000000043e-05,0.0002418,25000.0,25178.799999999996,25420.0,26341.066000000003
H1,20,0.3,1e-12,M6,2,1,0.0,0.0,7,4,2,10,1600,80,0.0002428,1.7500000000000046e-05,0.0002277,22960.0,23132.839999999997,23366.0,24256.363800000003
H2,50,0.3,1e-12,P5,1,1,1.862956419719287e-13,4.716646051326869e-14,6,1,1,5,0,0,0.000173,1.3600000000000032e-05,0.0001683,114650.0,115089.55,115682.5,117946.78725
H2,50,0.3,1e-12,M6,1,1,2.9432729935797256e-13,7.45123034285222e-14,4,2,1,5,5000,100,0.0001731,1.409999999999999e-05,0.0001694,108250.0,108689.55,109282.5,111546.78725
H3,100,0.3000000000000004,1e-12,P5,1,1,3.486971207970903e-14,8.74852265145054e-15,6,1,1,5,0,0,0.0002411,1.265000000000001e-05,0.000234,592500.0,594153.8999999999,596385.0,604904.8605000001
H3,100,0.3000000000000004,1e-12,M6,1,1,5.161159269334417e-14,1.3052116611675827e-14,4,2,1,5,20000,200,0.0002499,2.069999999999996e-05,0.0002423,569900.0,571583.7,573855.0,582528.3715
H4,150,0.3000000000000001,1e-12,P5,1,1,3.879787178219992e-13,9.680329897849765e-14,6,1,1,5,0,0,0.0005505,3.555000000000008e-05,0.0005226,1716850.0,1720448.3499999999,1725302.5,1743838.9532500003
H4,150,0.3000000000000001,1e-12,M6,1,1,4.404020723465655e-13,1.0966629130826197e-13,4,2,1,5,45000,300,0.0005772,5.515000000000001e-05,0.0005314,1665550.0,1669193.0499999998,1674107.5,1692874.2197500002
H5,200,0.3000000000000004,1e-12,P5,1,1,4.5343403831095646e-14,1.1563686989138078e-14,6,1,1,5,0,0,0.001076,7.419999999999996e-05,0.0009799,3707400.0,3713687.8000000003,3722170.0,3754560.8209999995
H5,200,0.3000000000000004,1e-12,M6,1,1,7.823712645223292e-14,1.9655421045127775e-14,4,2,1,5,80000,400,0.0011164,8.035000000000008e-05,0.0009863,3619000.0,3625347.4000000004,3633910.0,3666607.843
H1,20,0.6,1e-08,P5,2,1,0.0,0.0,11,2,2,11,0,0,0.0002507,1.0750000000000016e-05,0.0002419,25000.0,25178.799999999996,25420.0,26341.066000000003
H1,20,0.6,1e-08,M6,2,1,0.0,0.0,7,4,2,10,1600,80,0.0002369,1.7349999999999988e-05,0.000229,22960.0,23132.839999999997,23366.0,24256.363800000003
H2,50,0.6,1e-08,P5,1,1,1.211423547833166e-11,3.0720276171716294e-12,6,1,1,5,0,0,0.0001753,1.029999999999998e-05,0.0001695,114650.0,115089.55,115682.5,117946.78725
H2,50,0.6,1e-08,M6,1,1,1.895585172142797e-11,4.808020491214504e-12,4,2,1,5,5000,100,0.0001729,5.100000000000016e-06,0.0001697,108250.0,108689.55,109282.5,111546.78725
H3,100,0.5999999999999996,1e-08,P5,1,1,2.2350017966583235e-12,5.615001229256307e-13,6,1,1,5,0,0,0.000244,2.775000000000005e-05,0.0002322,592500.0,594153.8999999999,596385.0,604904.8605000001
H3,100,0.5999999999999996,1e-08,M6,1,1,3.301174868462992e-12,8.444489205303298e-13,4,2,1,5,20000,200,0.0002536,2.6549999999999968e-05,0.0002407,569900.0,571583.7,573855.0,582528.3715
H4,150,0.6000000000000001,1e-08,P5,1,1,2.441556898355024e-11,6.088452274612748e-12,6,1,1,5,0,0,0.0005596,5.220000000000008e-05,0.0005138,1716850.0,1720448.3499999999,1725302.5,1743838.9532500003
H4,150,0.6000000000000001,1e-08,M6,1,1,2.7219182260026216e-11,6.772896994742113e-12,4,2,1,5,45000,300,0.0005726,5.649999999999991e-05,0.0005333,1665550.0,1669193.0499999998,1674107.5,1692874.2197500002
H5,200,0.5999999999999995,1e-08,P5,1,1,2.7736841427900417e-12,7.145663413218318e-13,6,1,1,5,0,0,0.0010941,8.109999999999997e-05,0.0010067,3707400.0,3713687.8000000003,3722170.0,3754560.8209999995
H5,200,0.5999999999999995,1e-08,M6,1,1,4.1239875423241556e-12,1.0373756287627502e-12,4,2,1,5,80000,400,0.0011413,0.0001529499999999,0.0010304,3619000.0,3625347.4000000004,3633910.0,3666607.843
H1,20,0.6,1e-10,P5,2,1,0.0,0.0,11,2,2,11,0,0,0.0002568,1.3549999999999975e-05,0.0002455,25000.0,25178.799999999996,25420.0,26341.066000000003
H1,20,0.6,1e-10,M6,2,1,0.0,0.0,7,4,2,10,1600,80,0.0002414,1.0749999999999965e-05,0.0002338,22960.0,23132.839999999997,23366.0,24256.363800000003
H2,50,0.6,1e-10,P5,1,1,1.211423547833166e-11,3.0720276171716294e-12,6,1,1,5,0,0,0.0001749,1.5699999999999975e-05,0.0001707,114650.0,115089.55,115682.5,117946.78725
H2,50,0.6,1e-10,M6,1,1,1.895585172142797e-11,4.808020491214504e-12,4,2,1,5,5000,100,0.0001746,2.11e-05,0.0001702,108250.0,108689.55,109282.5,111546.78725
H3,100,0.5999999999999996,1e-10,P5,1,1,2.2350017966583235e-12,5.615001229256307e-13,6,1,1,5,0,0,0.0002427,1.814999999999998e-05,0.0002366,592500.0,594153.8999999999,596385.0,604904.8605000001
H3,100,0.5999999999999996,1e-10,M6,1,1,3.301174868462992e-12,8.444489205303298e-13,4,2,1,5,20000,200,0.0002574,1.78e-05,0.0002448,569900.0,571583.7,573855.0,582528.3715
H4,150,0.6000000000000001,1e-10,P5,1,1,2.441556898355024e-11,6.088452274612748e-12,6,1,1,5,0,0,0.0005497,4.46e-05,0.000521,1716850.0,1720448.3499999999,1725302.5,1743838.9532500003
H4,150,0.6000000000000001,1e-10,M6,1,1,2.7219182260026216e-11,6.772896994742113e-12,4,2,1,5,45000,300,0.0005782,9.119999999999994e-05,0.0005283,1665550.0,1669193.0499999998,1674107.5,1692874.2197500002
H5,200,0.5999999999999995,1e-10,P5,1,1,2.7736841427900417e-12,7.145663413218318e-13,6,1,1,5,0,0,0.0010846,9.675000000000003e-05,0.0009859,3707400.0,3713687.8000000003,3722170.0,3754560.8209999995
H5,200,0.5999999999999995,1e-10,M6,1,1,4.1239875423241556e-12,1.0373756287627502e-12,4,2,1,5,80000,400,0.0011178,0.00010785,0.0010386,3619000.0,3625347.4000000004,3633910.0,3666607.843
H1,20,0.6,1e-12,P5,2,1,0.0,0.0,11,2,2,11,0,0,0.0002495,1.5099999999999988e-05,0.0002444,25000.0,25178.799999999996,25420.0,26341.066000000003
H1,20,0.6,1e-12,M6,2,1,0.0,0.0,7,4,2,10,1600,80,0.0002423,1.2400000000000003e-05,0.0002296,22960.0,23132.839999999997,23366.0,24256.363800000003
H2,50,0.6,1e-12,P5,2,1,0.0,0.0,11,2,2,11,0,0,0.0003514,2.625000000000001e-05,0.0003331,222800.0,223694.0,224900.0,229505.33
H2,50,0.6,1e-12,M6,2,1,0.0,0.0,7,4,2,10,10000,200,0.0003362,1.8550000000000044e-05,0.000322,207500.0,208379.1,209565.0,214093.5745
H3,100,0.5999999999999996,1e-12,P5,2,1,0.0,0.0,11,2,2,11,0,0,0.0004778,1.3199999999999996e-05,0.0004672,1163500.0,1166837.5999999999,1171340.0,1188533.232
H3,100,0.5999999999999996,1e-12,M6,2,1,0.0,0.0,7,4,2,10,40000,400,0.0004909,2.7549999999999992e-05,0.0004699,1108300.0,1111667.4,1116210.0,1133556.743
H4,150,0.6000000000000001,1e-12,P5,2,1,0.0,0.0,11,2,2,11,0,0,0.0011382,0.0001175499999999,0.001045,3384200.0,3391441.4,3401210.0,3438513.1730000004
H4,150,0.6000000000000001,1e-12,M6,2,1,0.0,0.0,7,4,2,10,90000,600,0.0011402,0.0001063999999999,0.0010441,3259100.0,3266386.0999999996,3276215.0,3313748.4395000003
H5,200,0.5999999999999995,1e-12,P5,2,1,0.0,0.0,11,2,2,11,0,0,0.0020588,0.0001304999999999,0.0019542,7328600.0,7341235.2,7358280.0,7423368.663999999
H5,200,0.5999999999999995,1e-12,M6,2,1,0.0,0.0,7,4,2,10,160000,800,0.0021217,0.0002128499999999,0.0019741,7111800.0,7124494.800000001,7141620.0,7207015.686
