kappa,system,N,relative_loss_percent
1.0,H1,2,0.5570586417890211
1.0,H1,3,0.0
1.0,H1,4,3.8654270452898487
1.0,H1,5,8.687832278819895
1.0,H1,6,13.505297476912649
1.0,H1,7,18.02358436221606
1.0,H1,8,22.166632191974898
1.0,H1,9,25.93551830141233
1.0,H1,10,29.358042105719196
1.0,H1,11,32.4694283357682
1.0,H1,12,35.304816167793305
1.0,H1,13,37.89649056287553
1.0,H1,14,40.27307766067467
1.0,H1,15,42.45954737433203
1.0,H1,16,44.47752536525584
1.0,H1,17,46.345697951755064
1.0,H1,18,48.08021775284942
1.0,H1,19,49.69507374191774
1.0,H1,20,51.20241450259131
1.0,H1,21,52.612824457552406
1.0,H1,22,53.93555725812546
1.0,H1,23,55.17873191689464
1.0,H1,24,56.34949731251777
1.0,H1,25,57.45417019145995
1.0,H1,26,58.498351109329704
1.0,H1,27,59.4870220641017
1.0,H1,28,60.42462894498822
1.0,H1,29,61.31515137711674
1.0,H1,30,62.16216208487311
1.0,H5,2,29.210817141897405
1.0,H5,3,16.930522448966766
1.0,H5,4,9.816243977673533
1.0,H5,5,5.433057857903723
1.0,H5,6,2.7255650849771884
1.0,H5,7,1.1256404310451162
1.0,H5,8,0.29088045626205483
1.0,H5,9,0.0
1.0,H5,10,0.10303739783844579
1.0,H5,11,0.4948171351109143
1.0,H5,12,1.0996400731531186
1.0,H5,13,1.8619166664293085
1.0,H5,14,2.740170962713284
1.0,H5,15,3.703061996076984
1.0,H5,16,4.726665568149113
1.0,H5,17,5.7925716100016285
1.0,H5,18,6.886524951491657
1.0,H5,19,7.997437215377767
1.0,H5,20,9.116657599830125
1.0,H5,21,10.237427600845006
1.0,H5,22,11.354468539593254
1.0,H5,23,12.463666343861735
1.0,H5,24,13.561828452531334
1.0,H5,25,14.646494812502242
1.0,H5,26,15.715789858731654
1.0,H5,27,16.76830583119766
1.0,H5,28,17.8030102533673
1.0,H5,29,18.81917218160396
1.0,H5,30,19.816303139045665
1.2,H1,2,0.6406905190881163
1.2,H1,3,0.0
1.2,H1,4,3.809899793206517
1.2,H1,5,8.596630865438804
1.2,H1,6,13.391165947067673
1.2,H1,7,17.894724952022468
1.2,H1,8,22.028424027706105
1.2,H1,9,25.791560586544893
1.2,H1,10,29.210785941648687
1.2,H1,11,32.3205668143648
1.2,H1,12,35.15553106744939
1.2,H1,13,37.747612133946774
1.2,H1,14,40.12519044855674
1.2,H1,15,42.313061734032075
1.2,H1,16,44.33272667371458
1.2,H1,17,46.20278102431502
1.2,H1,18,47.93931126020789
1.2,H1,19,49.55625775460172
1.2,H1,20,51.06573323972635
1.2,H1,21,52.47829564274188
1.2,H1,22,53.80317904481727
1.2,H1,23,55.04848805289262
1.2,H1,24,56.221361015705476
1.2,H1,25,57.32810707350742
1.2,H1,26,58.37432139027558
1.2,H1,27,59.364982254764676
1.2,H1,28,60.30453312731918
1.2,H1,29,61.196952178976915
1.2,H1,30,62.04581142134815
1.2,H5,2,29.231640745495092
1.2,H5,3,16.950410231143753
1.2,H5,4,9.83337182797095
1.2,H5,5,5.446767273365949
1.2,H5,6,2.735677822168281
1.2,H5,7,1.1322053170784385
1.2,H5,8,0.2940571839460726
1.2,H5,9,0.0
1.2,H5,10,0.1000921252264364
1.2,H5,11,0.4891606855746189
1.2,H5,12,1.091499700020837
1.2,H5,13,1.8515078028238152
1.2,H5,14,2.7276948620074792
1.2,H5,15,3.688704903587381
1.2,H5,16,4.71059878148854
1.2,H5,17,5.774952041628123
1.2,H5,18,6.867495958722514
1.2,H5,19,7.977129554957618
1.2,H5,20,9.095190420593868
1.2,H5,21,10.214909423107043
1.2,H5,22,11.330998191844522
1.2,H5,23,12.439333841105038
1.2,H5,24,13.536715809157673
1.2,H5,25,14.620676787889641
1.2,H5,26,15.689334636921737
1.2,H5,27,16.74127563783211
1.2,H5,28,17.775461914033496
1.2,H5,29,18.791157626163457
1.2,H5,30,19.787869856604356
1.298,H1,2,0.6812481358296041
1.298,H1,3,0.0
1.298,H1,4,3.782914815335814
1.298,H1,5,8.55228132935093
1.298,H1,6,13.33563949100698
1.298,H1,7,17.83200970045069
1.298,H1,8,21.96113843366142
1.298,H1,9,25.721458391938878
1.298,H1,10,29.139062530052406
1.298,H1,11,32.248048596089276
1.298,H1,12,35.08279536900923
1.298,H1,13,37.675064916599524
1.298,H1,14,40.05311781765782
1.298,H1,15,42.24166477135209
1.298,H1,16,44.2621454212014
1.298,H1,17,46.13311126618419
1.298,H1,18,47.87061643519011
1.298,H1,19,49.48857751953063
1.298,H1,20,50.99908969528211
1.298,H1,21,52.4126979044707
1.298,H1,22,53.738626628281324
1.298,H1,23,54.984973399332816
1.298,H1,24,56.158871388388846
1.298,H1,25,57.26662598902295
1.298,H1,26,58.313829703295596
1.298,H1,27,59.305458982643835
1.298,H1,28,60.245956078061404
1.298,H1,29,61.13929842969663
1.298,H1,30,61.98905768245855
1.298,H5,2,29.24182419416915
1.298,H5,3,16.96013682457066
1.298,H5,4,9.841749228475171
1.298,H5,5,5.453473132614873
1.298,H5,6,2.740624694956062
1.298,H5,7,1.1354168583632251
1.298,H5,8,0.2956113185971887
1.298,H5,9,0.0
1.298,H5,10,0.09865109254690863
1.298,H5,11,0.48639304336890454
1.298,H5,12,1.0875165486757044
1.298,H5,13,1.8464144803106763
1.298,H5,14,2.7215897857013727
1.298,H5,15,3.6816791617879985
1.298,H5,16,4.70273616024487
1.298,H5,17,5.76632929773494
1.298,H5,18,6.85818322398023
1.298,H5,19,7.967190801711199
1.298,H5,20,9.084683946192218
1.298,H5,21,10.203888328099818
1.298,H5,22,11.319510837480962
1.298,H5,23,12.42742427843332
1.298,H5,24,13.524424176222915
1.298,H5,25,14.608039674117713
1.298,H5,26,15.676385415332339
1.298,H5,27,16.728044766622354
1.298,H5,28,17.76197720954964
1.298,H5,29,18.777444509487616
1.298,H5,30,19.773951576027883
1.7,H1,2,0.844781944262496
1.7,H1,3,0.0
1.7,H1,4,3.6737294202501047
1.7,H1,5,8.372650814685844
1.7,H1,6,13.11056158367564
1.7,H1,7,17.57763418935443
1.7,H1,8,21.688088725462464
1.7,H1,9,25.436861199201655
1.7,H1,10,28.847782707420333
1.7,H1,11,31.95345411138536
1.7,H1,12,34.78724238010875
1.7,H1,13,37.38021266579247
1.7,H1,14,39.76013758709501
1.7,H1,15,41.95138133768861
1.7,H1,16,43.97513454905299
1.7,H1,17,45.84976798842333
1.7,H1,18,47.5912035607029
1.7,H1,19,49.21326053324149
1.7,H1,20,50.72796215058643
1.7,H1,21,52.145800081253554
1.7,H1,22,53.47595936129661
1.7,H1,23,54.72650840383487
1.7,H1,24,55.90455901937842
1.7,H1,25,57.016401102767276
1.7,H1,26,58.0676161038476
1.7,H1,27,59.063172805361845
1.7,H1,28,60.00750836918343
1.7,H1,29,60.90459711424163
1.7,H1,30,61.758009064277644
1.7,H5,2,29.283459297556192
1.7,H5,3,16.999909492535448
1.7,H5,4,9.876009180574696
1.7,H5,5,5.480900272142009
1.7,H5,6,2.7608596002570818
1.7,H5,7,1.148554716656991
1.7,H5,8,0.3019695607713868
1.7,H5,9,0.0
1.7,H5,10,0.09275466978228009
1.7,H5,11,0.4750676229102524
1.7,H5,12,1.0712161303806922
1.7,H5,13,1.8255696280030542
1.7,H5,14,2.696602862662245
1.7,H5,15,3.652922637377398
1.7,H5,16,4.670552701177055
1.7,H5,17,5.7310328697969375
1.7,H5,18,6.820060733591049
1.7,H5,19,7.926503990536659
1.7,H5,20,9.041671365103054
1.7,H5,21,10.15876728709163
1.7,H5,22,11.272479272201286
1.7,H5,23,12.378662501562697
1.7,H5,24,13.474096499185862
1.7,H5,25,14.556295895224281
1.7,H5,26,15.62336217685264
1.7,H5,27,16.67386678699302
1.7,H5,28,17.706758398879597
1.7,H5,29,18.721288977406214
1.7,H5,30,19.716954541110653
3.23511,H1,2,1.4300852774167816
3.23511,H1,3,0.0
3.23511,H1,4,3.277908859279144
3.23511,H1,5,7.7189483953916564
3.23511,H1,6,12.289063797802891
3.23511,H1,7,16.64705377425634
3.23511,H1,8,20.687319975818784
3.23511,H1,9,24.392154388855104
3.23511,H1,10,27.77715514963546
3.23511,H1,11,30.86944440852506
3.23511,H1,12,33.69866797833729
3.23511,H1,13,36.29331682740619
3.23511,H1,14,38.67935396125629
3.23511,H1,15,40.87985363416743
3.23511,H1,16,42.91507601649602
3.23511,H1,17,44.80271402653544
3.23511,H1,18,46.55819174980193
3.23511,H1,19,48.194960552882826
3.23511,H1,20,49.72477058332534
3.23511,H1,21,51.15791027537273
3.23511,H1,22,52.50341336012497
3.23511,H1,23,53.76923583603306
3.23511,H1,24,54.96240641253509
3.23511,H1,25,56.08915409853116
3.23511,H1,26,57.155016367675124
3.23511,H1,27,58.16493094119197
3.23511,H1,28,59.1233138053669
3.23511,H1,29,60.03412567940647
3.23511,H1,30,60.90092879180109
3.23511,H5,2,29.440438659036094
3.23511,H5,3,17.14994517787559
3.23511,H5,4,10.005310163254876
3.23511,H5,5,5.58445789999531
3.23511,H5,6,2.837291205529302
3.23511,H5,7,1.1981970709699308
3.23511,H5,8,0.3260025799447064
3.23511,H5,9,0.0
3.23511,H5,10,0.0704541573705364
3.23511,H5,11,0.43222319550515476
3.23511,H5,12,1.009536087165197
3.23511,H5,13,1.7466757011140532
3.23511,H5,14,2.6020118298165196
3.23511,H5,15,3.5440395997375695
3.23511,H5,16,4.5486711608513914
3.23511,H5,17,5.597338674372154
3.23511,H5,18,6.67563810188766
3.23511,H5,19,7.772342528876141
3.23511,H5,20,8.878673411514736
3.23511,H5,21,9.987755187585512
3.23511,H5,22,11.09420236048263
3.23511,H5,23,12.19380365863849
3.23511,H5,24,13.28327823507669
3.23511,H5,25,14.360085935693744
3.23511,H5,26,15.422278562707092
3.23511,H5,27,16.468382507838143
3.23511,H5,28,17.497305590958547
3.23511,H5,29,18.50826271868975
3.23511,H5,30,19.500716277732376
4.45444,H1,2,1.8550893218604814
4.45444,H1,3,0.0
4.45444,H1,4,2.985459759369624
4.45444,H1,5,7.23342928619325
4.45444,H1,6,11.676465618104492
4.45444,H1,7,15.950905539500493
4.45444,H1,8,19.93673640064342
4.45444,H1,9,23.606947751647855
4.45444,H1,10,26.97102523316477
4.45444,H1,11,30.051992355394
4.45444,H1,12,32.8766927028013
4.45444,H1,13,35.471667248209
4.45444,H1,14,37.861500678614355
4.45444,H1,15,40.06827965525197
4.45444,H1,16,42.111548390840134
4.45444,H1,17,44.00847561001384
4.45444,H1,18,45.77409845976666
4.45444,H1,19,47.421580825934406
4.45444,H1,20,48.962458240016026
4.45444,H1,21,50.406858425430244
4.45444,H1,22,51.76369462656706
4.45444,H1,23,53.040832598052745
4.45444,H1,24,54.245233693325986
4.45444,H1,25,55.38307698376168
4.45444,H1,26,56.45986332313135
4.45444,H1,27,57.48050403256841
4.45444,H1,28,58.449396561975234
4.45444,H1,29,59.370489154998985
4.45444,H1,30,60.2473362382721
4.45444,H5,2,29.562900799760282
4.45444,H5,3,17.267076543206063
4.45444,H5,4,10.106321332514124
4.45444,H5,5,5.665407057176742
4.45444,H5,6,2.897069434124766
4.45444,H5,7,1.2370427096698666
4.45444,H5,8,0.3448174176986285
4.45444,H5,9,0.0
4.45444,H5,10,0.05298119520720235
4.45444,H5,11,0.39864119610739657
4.45444,H5,12,0.961173857230968
4.45444,H5,13,1.6847964997340537
4.45444,H5,14,2.5277985588281093
4.45444,H5,15,3.458589188190664
4.45444,H5,16,4.452994331505822
4.45444,H5,17,5.4923627897511595
4.45444,H5,18,6.562211684254793
4.45444,H5,19,7.651240592962494
4.45444,H5,20,8.75060308478317
4.45444,H5,21,9.853361302533903
4.45444,H5,22,10.95407283532348
4.45444,H5,23,12.048474565764533
4.45444,H5,24,13.133238508902856
4.45444,H5,25,14.205781703915822
4.45444,H5,26,15.264117104791609
4.45444,H5,27,16.3067358561786
4.45444,H5,28,17.332513796513314
4.45444,H5,29,18.34063680595648
4.45444,H5,30,19.330540914848072
