system,n,delta,family,index,cycles,converged,residual,error,F_total_including_terminal,J,LU,solves,time_median_s,time_iqr_s,time_min_s,work_total_k1p0,work_total_k1p298,work_total_k1p7,work_total_k3p23511
H1,20,0.1,P,2,2,1,0.0,0.0,5,2,2,5,0.0001364,4.600000000000003e-06,0.0001312,15160.0,15303.039999999999,15496.0,16232.8528
H1,20,0.1,P,3,2,1,0.0,0.0,7,2,2,7,0.0001682,4.899999999999984e-06,0.0001637,18440.0,18594.96,18804.0,19602.2572
H1,20,0.1,P,4,2,1,0.0,0.0,9,2,2,9,0.0002011,1.080000000000002e-05,0.0001945,21720.0,21886.879999999997,22112.0,22971.661600000003
H1,20,0.1,P,5,1,1,7.40450997286216e-13,1.8246516517995312e-13,6,1,1,5,0.0001188,4.700000000000006e-06,0.0001144,12920.0,13006.419999999998,13123.0,13568.181900000001
H1,20,0.1,P,6,1,1,5.082780670206328e-15,1.2758510841771824e-15,7,1,1,6,0.0001348,3.1499999999999957e-06,0.0001313,14560.0,14652.38,14777.0,15252.884100000001
H1,20,0.1,P,7,1,1,0.0,0.0,8,1,1,7,0.0001511,2.000000000000021e-06,0.0001479,16200.0,16298.339999999998,16431.0,16937.586300000003
H1,20,0.1,P,8,1,1,0.0,0.0,9,1,1,8,0.0001668,3.949999999999988e-06,0.0001632,17840.0,17944.3,18085.0,18622.288500000002
H1,20,0.1,P,9,1,1,0.0,0.0,10,1,1,9,0.0001831,5.700000000000003e-06,0.0001768,19480.0,19590.26,19739.0,20306.990700000002
H1,20,0.1,P,10,1,1,0.0,0.0,11,1,1,10,0.0002,4.650000000000005e-06,0.0001928,21120.0,21236.219999999998,21393.0,21991.692900000002
H1,20,0.1,P,11,1,1,0.0,0.0,12,1,1,11,0.0002156,7.249999999999986e-06,0.000209,22760.0,22882.18,23047.0,23676.3951
H1,20,0.1,P,12,1,1,0.0,0.0,13,1,1,12,0.0002325,9.000000000000002e-06,0.0002235,24400.0,24528.14,24701.0,25361.0973
H1,20,0.1,P,13,1,1,0.0,0.0,14,1,1,13,0.0002472,4.000000000000043e-06,0.0002396,26040.0,26174.1,26355.0,27045.7995
H1,20,0.1,P,14,1,1,0.0,0.0,15,1,1,14,0.0002628,5.549999999999945e-06,0.0002559,27680.0,27820.059999999998,28009.0,28730.5017
H1,20,0.1,P,15,1,1,0.0,0.0,16,1,1,15,0.0002814,1.125000000000003e-05,0.0002715,29320.0,29466.019999999997,29663.0,30415.2039
H1,20,0.1,P,16,1,1,0.0,0.0,17,1,1,16,0.0002955,1.1900000000000018e-05,0.0002869,30960.0,31111.98,31317.0,32099.9061
H1,20,0.1,P,17,1,1,0.0,0.0,18,1,1,17,0.0003105,9.649999999999936e-06,0.0003019,32600.0,32757.94,32971.0,33784.6083
H1,20,0.1,P,18,1,1,0.0,0.0,19,1,1,18,0.0003274,6.950000000000033e-06,0.0003186,34240.0,34403.9,34625.0,35469.3105
H1,20,0.1,P,19,1,1,0.0,0.0,20,1,1,19,0.0003427,1.1249999999999975e-05,0.000334,35880.0,36049.86,36279.0,37154.0127
H1,20,0.1,P,20,1,1,0.0,0.0,21,1,1,20,0.0003595,8.150000000000063e-06,0.0003498,37520.0,37695.82,37933.0,38838.7149
H1,20,0.1,S,1,3,1,0.0,0.0,4,3,3,3,0.0001367,3.949999999999988e-06,0.0001319,16600.0,16787.74,17041.0,18008.1193
H1,20,0.1,S,2,2,1,0.0,0.0,5,2,2,4,0.0001293,6.950000000000006e-06,0.0001236,14760.0,14897.08,15082.0,15788.1506
H1,20,0.1,S,3,2,1,0.0,0.0,7,2,2,6,0.0001619,3.1999999999999965e-06,0.0001564,18040.0,18189.0,18390.0,19157.555
H1,20,0.1,S,4,2,1,0.0,0.0,9,2,2,8,0.0001941,6.449999999999994e-06,0.000188,21320.0,21480.92,21698.0,22526.959400000003
H1,20,0.1,S,5,1,1,7.40450997286216e-13,1.8246516517995312e-13,6,1,1,5,0.0001201,4.1499999999999925e-06,0.0001149,12920.0,13006.419999999998,13123.0,13568.181900000001
H1,20,0.1,S,6,1,1,5.082780670206328e-15,1.2758510841771824e-15,7,1,1,6,0.0001365,4.74999999999998e-06,0.0001318,14560.0,14652.38,14777.0,15252.884100000001
H1,20,0.1,S,7,1,1,0.0,0.0,8,1,1,7,0.0001511,3.949999999999988e-06,0.0001471,16200.0,16298.339999999998,16431.0,16937.586300000003
H1,20,0.1,S,8,1,1,0.0,0.0,9,1,1,8,0.0001681,4.549999999999975e-06,0.0001633,17840.0,17944.3,18085.0,18622.288500000002
H1,20,0.1,S,9,1,1,0.0,0.0,10,1,1,9,0.0001831,4.650000000000005e-06,0.0001785,19480.0,19590.26,19739.0,20306.990700000002
H1,20,0.1,S,10,1,1,0.0,0.0,11,1,1,10,0.0001989,3.349999999999973e-06,0.0001949,21120.0,21236.219999999998,21393.0,21991.692900000002
H1,20,0.1,S,11,1,1,0.0,0.0,12,1,1,11,0.0002159,4.650000000000005e-06,0.0002102,22760.0,22882.18,23047.0,23676.3951
H1,20,0.1,S,12,1,1,0.0,0.0,13,1,1,12,0.0002334,7.150000000000011e-06,0.0002265,24400.0,24528.14,24701.0,25361.0973
H1,20,0.1,S,13,1,1,0.0,0.0,14,1,1,13,0.0002483,5.449999999999997e-06,0.0002413,26040.0,26174.1,26355.0,27045.7995
H1,20,0.1,S,14,1,1,0.0,0.0,15,1,1,14,0.0002642,9.64999999999999e-06,0.000257,27680.0,27820.059999999998,28009.0,28730.5017
H1,20,0.1,S,15,1,1,0.0,0.0,16,1,1,15,0.0002814,1.0099999999999974e-05,0.000272,29320.0,29466.019999999997,29663.0,30415.2039
H1,20,0.1,S,16,1,1,0.0,0.0,17,1,1,16,0.0002965,7.349999999999935e-06,0.0002873,30960.0,31111.98,31317.0,32099.9061
H1,20,0.1,S,17,1,1,0.0,0.0,18,1,1,17,0.0003125,8.799999999999997e-06,0.0003038,32600.0,32757.94,32971.0,33784.6083
H1,20,0.1,S,18,1,1,0.0,0.0,19,1,1,18,0.0003296,1.2850000000000014e-05,0.0003193,34240.0,34403.9,34625.0,35469.3105
H1,20,0.1,S,19,1,1,0.0,0.0,20,1,1,19,0.0003457,6.600000000000052e-06,0.0003356,35880.0,36049.86,36279.0,37154.0127
H1,20,0.1,S,20,1,1,0.0,0.0,21,1,1,20,0.0003585,1.225e-05,0.0003502,37520.0,37695.82,37933.0,38838.7149
H5,200,0.0999999999999992,P,2,2,1,0.0,0.0,5,2,2,5,0.0018788,0.0002603,0.0016622,6331400.0,6343677.600000001,6360240.0,6423486.532
H5,200,0.0999999999999992,P,3,2,1,0.0,0.0,7,2,2,7,0.0019648,0.00020665,0.0018048,6663800.0,6676196.800000001,6692920.0,6756780.575999999
H5,200,0.0999999999999992,P,4,1,1,8.042218859397987e-14,2.0546893234996993e-14,5,1,1,4,0.0010738,0.0001373,0.0009275,3541200.0,3547428.2,3555830.0,3587913.7989999996
H5,200,0.0999999999999992,P,5,1,1,0.0,0.0,6,1,1,5,0.0011231,0.0001111499999999,0.0009432,3707400.0,3713687.8000000003,3722170.0,3754560.8209999995
H5,200,0.0999999999999992,P,6,1,1,0.0,0.0,7,1,1,6,0.0011695,0.00012655,0.0009966,3873600.0,3879947.4000000004,3888510.0,3921207.8429999994
H5,200,0.0999999999999992,P,7,1,1,0.0,0.0,8,1,1,7,0.00117,0.0001539,0.0011049,4039800.0,4046207.0000000005,4054850.0,4087854.8649999998
H5,200,0.0999999999999992,P,8,1,1,0.0,0.0,9,1,1,8,0.0012968,8.559999999999991e-05,0.0011311,4206000.0,4212466.600000001,4221190.0,4254501.887
H5,200,0.0999999999999992,P,9,1,1,0.0,0.0,10,1,1,9,0.0012904,0.00017055,0.0011458,4372200.0,4378726.2,4387530.0,4421148.909
H5,200,0.0999999999999992,P,10,1,1,0.0,0.0,11,1,1,10,0.0014227,0.0001487,0.0011733,4538400.0,4544985.800000001,4553870.0,4587795.931
H5,200,0.0999999999999992,P,11,1,1,0.0,0.0,12,1,1,11,0.0014021,0.0001777999999999,0.0012347,4704600.0,4711245.4,4720210.0,4754442.952999999
H5,200,0.0999999999999992,P,12,1,1,0.0,0.0,13,1,1,12,0.0014454,0.00015775,0.0012959,4870800.0,4877505.000000001,4886550.0,4921089.975
H5,200,0.0999999999999992,P,13,1,1,0.0,0.0,14,1,1,13,0.0015063,0.0001438999999999,0.0013817,5037000.0,5043764.600000001,5052890.0,5087736.9969999995
H5,200,0.0999999999999992,P,14,1,1,0.0,0.0,15,1,1,14,0.0014889,0.0001129499999999,0.0013926,5203200.0,5210024.200000001,5219230.0,5254384.018999999
H5,200,0.0999999999999992,P,15,1,1,0.0,0.0,16,1,1,15,0.0015457,0.0001183999999999,0.001429,5369400.0,5376283.800000001,5385570.0,5421031.040999999
H5,200,0.0999999999999992,P,16,1,1,0.0,0.0,17,1,1,16,0.0016528,0.0001361499999999,0.0014611,5535600.0,5542543.4,5551910.0,5587678.062999999
H5,200,0.0999999999999992,P,17,1,1,0.0,0.0,18,1,1,17,0.0016596,0.0001577499999999,0.0014904,5701800.0,5708803.000000001,5718250.0,5754325.084999999
H5,200,0.0999999999999992,P,18,1,1,0.0,0.0,19,1,1,18,0.0017357,0.0001230999999999,0.0016096,5868000.0,5875062.600000001,5884590.0,5920972.106999999
H5,200,0.0999999999999992,P,19,1,1,0.0,0.0,20,1,1,19,0.0017832,0.00017785,0.0015826,6034200.0,6041322.200000001,6050930.0,6087619.128999999
H5,200,0.0999999999999992,P,20,1,1,0.0,0.0,21,1,1,20,0.001814,0.0002218,0.0016498,6200400.0,6207581.800000001,6217270.0,6254266.150999999
H5,200,0.0999999999999992,S,1,3,1,0.0,0.0,4,3,3,3,0.0025703,0.0002482,0.0023108,8875400.0,8893548.200000001,8918030.0,9011518.199
H5,200,0.0999999999999992,S,2,2,1,0.0,0.0,5,2,2,4,0.0018424,0.0002898499999999,0.0016953,6291400.0,6303618.000000001,6320100.0,6383039.51
H5,200,0.0999999999999992,S,3,2,1,0.0,0.0,7,2,2,6,0.0020111,0.00022465,0.001794,6623800.0,6636137.2,6652780.0,6716333.554
H5,200,0.0999999999999992,S,4,1,1,8.042218859397987e-14,2.0546893234996993e-14,5,1,1,4,0.0010549,0.0001281499999999,0.0009454,3541200.0,3547428.2,3555830.0,3587913.7989999996
H5,200,0.0999999999999992,S,5,1,1,0.0,0.0,6,1,1,5,0.0010808,0.0001378999999999,0.0009857,3707400.0,3713687.8000000003,3722170.0,3754560.8209999995
H5,200,0.0999999999999992,S,6,1,1,0.0,0.0,7,1,1,6,0.0011603,0.00011695,0.0010298,3873600.0,3879947.4000000004,3888510.0,3921207.8429999994
H5,200,0.0999999999999992,S,7,1,1,0.0,0.0,8,1,1,7,0.0011744,0.0001003499999999,0.0010815,4039800.0,4046207.0000000005,4054850.0,4087854.8649999998
H5,200,0.0999999999999992,S,8,1,1,0.0,0.0,9,1,1,8,0.0012478,0.0001202499999999,0.0010787,4206000.0,4212466.600000001,4221190.0,4254501.887
H5,200,0.0999999999999992,S,9,1,1,0.0,0.0,10,1,1,9,0.0013144,0.0001520499999999,0.0011759,4372200.0,4378726.2,4387530.0,4421148.909
H5,200,0.0999999999999992,S,10,1,1,0.0,0.0,11,1,1,10,0.0013428,0.0001690999999999,0.0011817,4538400.0,4544985.800000001,4553870.0,4587795.931
H5,200,0.0999999999999992,S,11,1,1,0.0,0.0,12,1,1,11,0.0013817,0.0002106,0.0012602,4704600.0,4711245.4,4720210.0,4754442.952999999
H5,200,0.0999999999999992,S,12,1,1,0.0,0.0,13,1,1,12,0.0014152,0.00018125,0.001269,4870800.0,4877505.000000001,4886550.0,4921089.975
H5,200,0.0999999999999992,S,13,1,1,0.0,0.0,14,1,1,13,0.001479,0.00019725,0.0013285,5037000.0,5043764.600000001,5052890.0,5087736.9969999995
H5,200,0.0999999999999992,S,14,1,1,0.0,0.0,15,1,1,14,0.0015233,0.00012895,0.0013914,5203200.0,5210024.200000001,5219230.0,5254384.018999999
H5,200,0.0999999999999992,S,15,1,1,0.0,0.0,16,1,1,15,0.0015719,0.0001406499999999,0.0014368,5369400.0,5376283.800000001,5385570.0,5421031.040999999
H5,200,0.0999999999999992,S,16,1,1,0.0,0.0,17,1,1,16,0.0016673,0.0002035,0.0014592,5535600.0,5542543.4,5551910.0,5587678.062999999
H5,200,0.0999999999999992,S,17,1,1,0.0,0.0,18,1,1,17,0.0016362,0.0001057,0.0015114,5701800.0,5708803.000000001,5718250.0,5754325.084999999
H5,200,0.0999999999999992,S,18,1,1,0.0,0.0,19,1,1,18,0.001732,0.0001949,0.0015714,5868000.0,5875062.600000001,5884590.0,5920972.106999999
H5,200,0.0999999999999992,S,19,1,1,0.0,0.0,20,1,1,19,0.0017646,0.0001782,0.0016103,6034200.0,6041322.200000001,6050930.0,6087619.128999999
H5,200,0.0999999999999992,S,20,1,1,0.0,0.0,21,1,1,20,0.0018093,0.0001536999999999,0.0016361,6200400.0,6207581.800000001,6217270.0,6254266.150999999
H1,20,0.3,P,2,2,1,0.0,0.0,5,2,2,5,0.0001429,4.04999999999999e-06,0.0001359,15160.0,15303.039999999999,15496.0,16232.8528
H1,20,0.3,P,3,2,1,0.0,0.0,7,2,2,7,0.0001769,1.1450000000000007e-05,0.0001703,18440.0,18594.96,18804.0,19602.2572
H1,20,0.3,P,4,2,1,0.0,0.0,9,2,2,9,0.0002095,3.299999999999972e-06,0.0002022,21720.0,21886.879999999997,22112.0,22971.661600000003
H1,20,0.3,P,5,2,1,0.0,0.0,11,2,2,11,0.0002444,8.050000000000033e-06,0.0002365,25000.0,25178.799999999996,25420.0,26341.066000000003
H1,20,0.3,P,6,2,1,0.0,0.0,13,2,2,13,0.0002775,1.3199999999999996e-05,0.0002675,28280.0,28470.719999999998,28728.0,29710.470400000002
H1,20,0.3,P,7,1,1,1.82663193756933e-13,4.461681801538621e-14,8,1,1,7,0.0001575,8.749999999999996e-06,0.0001531,16200.0,16298.339999999998,16431.0,16937.586300000003
H1,20,0.3,P,8,1,1,3.168001031002357e-15,7.515818336606974e-16,9,1,1,8,0.0001731,3.2499999999999977e-06,0.0001672,17840.0,17944.3,18085.0,18622.288500000002
H1,20,0.3,P,9,1,1,0.0,0.0,10,1,1,9,0.0001911,5.649999999999975e-06,0.0001849,19480.0,19590.26,19739.0,20306.990700000002
H1,20,0.3,P,10,1,1,0.0,0.0,11,1,1,10,0.0002069,1.1299999999999977e-05,0.0002006,21120.0,21236.219999999998,21393.0,21991.692900000002
H1,20,0.3,P,11,1,1,0.0,0.0,12,1,1,11,0.0002247,8.09999999999998e-06,0.0002169,22760.0,22882.18,23047.0,23676.3951
H1,20,0.3,P,12,1,1,0.0,0.0,13,1,1,12,0.0002416,9.05000000000003e-06,0.0002332,24400.0,24528.14,24701.0,25361.0973
H1,20,0.3,P,13,1,1,0.0,0.0,14,1,1,13,0.0002575,9.650000000000045e-06,0.0002491,26040.0,26174.1,26355.0,27045.7995
H1,20,0.3,P,14,1,1,0.0,0.0,15,1,1,14,0.0002739,9.900000000000024e-06,0.0002657,27680.0,27820.059999999998,28009.0,28730.5017
H1,20,0.3,P,15,1,1,0.0,0.0,16,1,1,15,0.0002949,1.1500000000000008e-05,0.0002818,29320.0,29466.019999999997,29663.0,30415.2039
H1,20,0.3,P,16,1,1,0.0,0.0,17,1,1,16,0.0003066,1.045000000000001e-05,0.0002981,30960.0,31111.98,31317.0,32099.9061
H1,20,0.3,P,17,1,1,0.0,0.0,18,1,1,17,0.0003254,9.200000000000008e-06,0.0003147,32600.0,32757.94,32971.0,33784.6083
H1,20,0.3,P,18,1,1,0.0,0.0,19,1,1,18,0.0003424,9.600000000000017e-06,0.0003312,34240.0,34403.9,34625.0,35469.3105
H1,20,0.3,P,19,1,1,0.0,0.0,20,1,1,19,0.0003574,8.699999999999995e-06,0.0003448,35880.0,36049.86,36279.0,37154.0127
H1,20,0.3,P,20,1,1,0.0,0.0,21,1,1,20,0.0003747,7.950000000000004e-06,0.0003611,37520.0,37695.82,37933.0,38838.7149
H1,20,0.3,S,1,3,1,4.844150976163147e-15,1.2126995116409069e-15,4,3,3,3,0.0001421,3.75000000000001e-06,0.0001371,16600.0,16787.74,17041.0,18008.1193
H1,20,0.3,S,2,2,1,1.231318512612642e-16,3.103167691559092e-17,5,2,2,4,0.000136,8.449999999999989e-06,0.0001308,14760.0,14897.08,15082.0,15788.1506
H1,20,0.3,S,3,2,1,0.0,0.0,7,2,2,6,0.0001689,3.850000000000012e-06,0.0001623,18040.0,18189.0,18390.0,19157.555
H1,20,0.3,S,4,2,1,0.0,0.0,9,2,2,8,0.0002043,9.899999999999997e-06,0.0001976,21320.0,21480.92,21698.0,22526.959400000003
H1,20,0.3,S,5,2,1,0.0,0.0,11,2,2,10,0.0002359,8.300000000000012e-06,0.0002282,24600.0,24772.839999999997,25006.0,25896.363800000003
H1,20,0.3,S,6,2,1,0.0,0.0,13,2,2,12,0.000271,6.450000000000076e-06,0.0002607,27880.0,28064.76,28314.0,29265.768200000002
H1,20,0.3,S,7,1,1,1.82663193756933e-13,4.461681801538621e-14,8,1,1,7,0.0001583,4.1499999999999925e-06,0.0001535,16200.0,16298.339999999998,16431.0,16937.586300000003
H1,20,0.3,S,8,1,1,3.168001031002357e-15,7.515818336606974e-16,9,1,1,8,0.0001758,8.049999999999979e-06,0.0001699,17840.0,17944.3,18085.0,18622.288500000002
H1,20,0.3,S,9,1,1,0.0,0.0,10,1,1,9,0.0001918,3.1499999999999957e-06,0.0001851,19480.0,19590.26,19739.0,20306.990700000002
H1,20,0.3,S,10,1,1,0.0,0.0,11,1,1,10,0.0002083,6.649999999999972e-06,0.0002013,21120.0,21236.219999999998,21393.0,21991.692900000002
H1,20,0.3,S,11,1,1,0.0,0.0,12,1,1,11,0.000226,1.34e-05,0.0002198,22760.0,22882.18,23047.0,23676.3951
H1,20,0.3,S,12,1,1,0.0,0.0,13,1,1,12,0.000244,1.5000000000000012e-05,0.000235,24400.0,24528.14,24701.0,25361.0973
H1,20,0.3,S,13,1,1,0.0,0.0,14,1,1,13,0.0002597,9.549999999999988e-06,0.0002506,26040.0,26174.1,26355.0,27045.7995
H1,20,0.3,S,14,1,1,0.0,0.0,15,1,1,14,0.000276,1.0200000000000033e-05,0.0002697,27680.0,27820.059999999998,28009.0,28730.5017
H1,20,0.3,S,15,1,1,0.0,0.0,16,1,1,15,0.0002934,1.0700000000000043e-05,0.0002829,29320.0,29466.019999999997,29663.0,30415.2039
H1,20,0.3,S,16,1,1,0.0,0.0,17,1,1,16,0.0003086,7.649999999999996e-06,0.0003,30960.0,31111.98,31317.0,32099.9061
H1,20,0.3,S,17,1,1,0.0,0.0,18,1,1,17,0.0003245,1.265000000000001e-05,0.0003166,32600.0,32757.94,32971.0,33784.6083
H1,20,0.3,S,18,1,1,0.0,0.0,19,1,1,18,0.0003422,1.0199999999999975e-05,0.0003318,34240.0,34403.9,34625.0,35469.3105
H1,20,0.3,S,19,1,1,0.0,0.0,20,1,1,19,0.0003629,1.3849999999999984e-05,0.0003475,35880.0,36049.86,36279.0,37154.0127
H1,20,0.3,S,20,1,1,0.0,0.0,21,1,1,20,0.0003767,1.0549999999999958e-05,0.0003638,37520.0,37695.82,37933.0,38838.7149
H5,200,0.3000000000000004,P,2,2,1,0.0,0.0,5,2,2,5,0.001679,0.0001019499999999,0.0015689,6331400.0,6343677.600000001,6360240.0,6423486.532
H5,200,0.3000000000000004,P,3,2,1,0.0,0.0,7,2,2,7,0.001757,7.689999999999997e-05,0.0017122,6663800.0,6676196.800000001,6692920.0,6756780.575999999
H5,200,0.3000000000000004,P,4,2,1,0.0,0.0,9,2,2,9,0.0018812,0.0001408499999999,0.0017612,6996200.0,7008716.000000001,7025600.0,7090074.619999999
H5,200,0.3000000000000004,P,5,1,1,4.5343403831095646e-14,1.1563686989138078e-14,6,1,1,5,0.0009886,4.104999999999994e-05,0.0009103,3707400.0,3713687.8000000003,3722170.0,3754560.8209999995
H5,200,0.3000000000000004,P,6,1,1,0.0,0.0,7,1,1,6,0.0010362,9.925000000000016e-05,0.0009784,3873600.0,3879947.4000000004,3888510.0,3921207.8429999994
H5,200,0.3000000000000004,P,7,1,1,0.0,0.0,8,1,1,7,0.0010989,9.274999999999996e-05,0.0010301,4039800.0,4046207.0000000005,4054850.0,4087854.8649999998
H5,200,0.3000000000000004,P,8,1,1,0.0,0.0,9,1,1,8,0.0011157,6.769999999999997e-05,0.0010646,4206000.0,4212466.600000001,4221190.0,4254501.887
H5,200,0.3000000000000004,P,9,1,1,0.0,0.0,10,1,1,9,0.0011608,8.805000000000011e-05,0.0011257,4372200.0,4378726.2,4387530.0,4421148.909
H5,200,0.3000000000000004,P,10,1,1,0.0,0.0,11,1,1,10,0.001212,4.7100000000000006e-05,0.001161,4538400.0,4544985.800000001,4553870.0,4587795.931
H5,200,0.3000000000000004,P,11,1,1,0.0,0.0,12,1,1,11,0.0012725,0.00011485,0.0012156,4704600.0,4711245.4,4720210.0,4754442.952999999
H5,200,0.3000000000000004,P,12,1,1,0.0,0.0,13,1,1,12,0.0012928,7.004999999999989e-05,0.0012431,4870800.0,4877505.000000001,4886550.0,4921089.975
H5,200,0.3000000000000004,P,13,1,1,0.0,0.0,14,1,1,13,0.0013714,0.0001119499999999,0.0013032,5037000.0,5043764.600000001,5052890.0,5087736.9969999995
H5,200,0.3000000000000004,P,14,1,1,0.0,0.0,15,1,1,14,0.001399,3.755000000000013e-05,0.0013465,5203200.0,5210024.200000001,5219230.0,5254384.018999999
H5,200,0.3000000000000004,P,15,1,1,0.0,0.0,16,1,1,15,0.0014375,6.174999999999996e-05,0.0013713,5369400.0,5376283.800000001,5385570.0,5421031.040999999
H5,200,0.3000000000000004,P,16,1,1,0.0,0.0,17,1,1,16,0.00148,4.17000000000002e-05,0.0013938,5535600.0,5542543.4,5551910.0,5587678.062999999
H5,200,0.3000000000000004,P,17,1,1,0.0,0.0,18,1,1,17,0.0015425,6.909999999999989e-05,0.0014546,5701800.0,5708803.000000001,5718250.0,5754325.084999999
H5,200,0.3000000000000004,P,18,1,1,0.0,0.0,19,1,1,18,0.0015762,0.0001537999999999,0.001499,5868000.0,5875062.600000001,5884590.0,5920972.106999999
H5,200,0.3000000000000004,P,19,1,1,0.0,0.0,20,1,1,19,0.0016125,9.690000000000002e-05,0.0015507,6034200.0,6041322.200000001,6050930.0,6087619.128999999
H5,200,0.3000000000000004,P,20,1,1,0.0,0.0,21,1,1,20,0.001664,5.66500000000001e-05,0.0016155,6200400.0,6207581.800000001,6217270.0,6254266.150999999
H5,200,0.3000000000000004,S,1,3,1,0.0,0.0,4,3,3,3,0.0023276,0.0001983,0.0022187,8875400.0,8893548.200000001,8918030.0,9011518.199
H5,200,0.3000000000000004,S,2,2,1,0.0,0.0,5,2,2,4,0.0016548,0.0001594,0.0015938,6291400.0,6303618.000000001,6320100.0,6383039.51
H5,200,0.3000000000000004,S,3,2,1,0.0,0.0,7,2,2,6,0.00173,8.875000000000007e-05,0.0016427,6623800.0,6636137.2,6652780.0,6716333.554
H5,200,0.3000000000000004,S,4,2,1,0.0,0.0,9,2,2,8,0.0018561,0.000118,0.0017451,6956200.0,6968656.4,6985460.0,7049627.597999999
H5,200,0.3000000000000004,S,5,1,1,4.5343403831095646e-14,1.1563686989138078e-14,6,1,1,5,0.0009992,6.77500000000001e-05,0.0009381,3707400.0,3713687.8000000003,3722170.0,3754560.8209999995
H5,200,0.3000000000000004,S,6,1,1,0.0,0.0,7,1,1,6,0.0010396,5.6500000000000127e-05,0.0009788,3873600.0,3879947.4000000004,3888510.0,3921207.8429999994
H5,200,0.3000000000000004,S,7,1,1,0.0,0.0,8,1,1,7,0.0010962,5.984999999999997e-05,0.0010186,4039800.0,4046207.0000000005,4054850.0,4087854.8649999998
H5,200,0.3000000000000004,S,8,1,1,0.0,0.0,9,1,1,8,0.0011351,7.08000000000002e-05,0.0010803,4206000.0,4212466.600000001,4221190.0,4254501.887
H5,200,0.3000000000000004,S,9,1,1,0.0,0.0,10,1,1,9,0.0011716,8.70999999999999e-05,0.0011189,4372200.0,4378726.2,4387530.0,4421148.909
H5,200,0.3000000000000004,S,10,1,1,0.0,0.0,11,1,1,10,0.0012268,8.720000000000017e-05,0.0011604,4538400.0,4544985.800000001,4553870.0,4587795.931
H5,200,0.3000000000000004,S,11,1,1,0.0,0.0,12,1,1,11,0.0012625,5.289999999999982e-05,0.001204,4704600.0,4711245.4,4720210.0,4754442.952999999
H5,200,0.3000000000000004,S,12,1,1,0.0,0.0,13,1,1,12,0.0013384,9.504999999999997e-05,0.0012645,4870800.0,4877505.000000001,4886550.0,4921089.975
H5,200,0.3000000000000004,S,13,1,1,0.0,0.0,14,1,1,13,0.0013384,4.715000000000014e-05,0.0013096,5037000.0,5043764.600000001,5052890.0,5087736.9969999995
H5,200,0.3000000000000004,S,14,1,1,0.0,0.0,15,1,1,14,0.0014062,0.0001193999999999,0.001332,5203200.0,5210024.200000001,5219230.0,5254384.018999999
H5,200,0.3000000000000004,S,15,1,1,0.0,0.0,16,1,1,15,0.0014569,0.00010175,0.0013748,5369400.0,5376283.800000001,5385570.0,5421031.040999999
H5,200,0.3000000000000004,S,16,1,1,0.0,0.0,17,1,1,16,0.0015057,0.00012865,0.0014363,5535600.0,5542543.4,5551910.0,5587678.062999999
H5,200,0.3000000000000004,S,17,1,1,0.0,0.0,18,1,1,17,0.0015358,7.305000000000007e-05,0.0014593,5701800.0,5708803.000000001,5718250.0,5754325.084999999
H5,200,0.3000000000000004,S,18,1,1,0.0,0.0,19,1,1,18,0.0016031,0.0001072499999999,0.0015139,5868000.0,5875062.600000001,5884590.0,5920972.106999999
H5,200,0.3000000000000004,S,19,1,1,0.0,0.0,20,1,1,19,0.0016346,8.049999999999984e-05,0.0015397,6034200.0,6041322.200000001,6050930.0,6087619.128999999
H5,200,0.3000000000000004,S,20,1,1,0.0,0.0,21,1,1,20,0.001675,5.969999999999977e-05,0.0016174,6200400.0,6207581.800000001,6217270.0,6254266.150999999
H1,20,0.6,P,2,2,1,4.7965331722983984e-15,1.1765876270068222e-15,5,2,2,5,0.0001381,1.1949999999999992e-05,0.0001318,15160.0,15303.039999999999,15496.0,16232.8528
H1,20,0.6,P,3,2,1,0.0,0.0,7,2,2,7,0.0001686,6.449999999999994e-06,0.0001632,18440.0,18594.96,18804.0,19602.2572
H1,20,0.6,P,4,2,1,0.0,0.0,9,2,2,9,0.000202,9.549999999999988e-06,0.0001952,21720.0,21886.879999999997,22112.0,22971.661600000003
H1,20,0.6,P,5,2,1,0.0,0.0,11,2,2,11,0.0002326,6.600000000000025e-06,0.0002256,25000.0,25178.799999999996,25420.0,26341.066000000003
H1,20,0.6,P,6,2,1,0.0,0.0,13,2,2,13,0.000267,1.2299999999999974e-05,0.0002585,28280.0,28470.719999999998,28728.0,29710.470400000002
H1,20,0.6,P,7,2,1,0.0,0.0,15,2,2,15,0.0003004,1.125000000000003e-05,0.0002903,31560.0,31762.64,32036.0,33079.874800000005
H1,20,0.6,P,8,2,1,0.0,0.0,17,2,2,17,0.0003319,7.649999999999996e-06,0.0003216,34840.0,35054.56,35344.0,36449.279200000004
H1,20,0.6,P,9,1,1,4.8770202280689305e-14,1.18635850070662e-14,10,1,1,9,0.0001842,5.14999999999999e-06,0.0001776,19480.0,19590.26,19739.0,20306.990700000002
H1,20,0.6,P,10,1,1,1.786950127886157e-15,4.263892432392673e-16,11,1,1,10,0.0001969,7.549999999999994e-06,0.0001934,21120.0,21236.219999999998,21393.0,21991.692900000002
H1,20,0.6,P,11,1,1,0.0,0.0,12,1,1,11,0.0002153,6.399999999999993e-06,0.0002096,22760.0,22882.18,23047.0,23676.3951
H1,20,0.6,P,12,1,1,0.0,0.0,13,1,1,12,0.0002312,1.2150000000000024e-05,0.0002242,24400.0,24528.14,24701.0,25361.0973
H1,20,0.6,P,13,1,1,0.0,0.0,14,1,1,13,0.0002492,1.675e-05,0.000241,26040.0,26174.1,26355.0,27045.7995
H1,20,0.6,P,14,1,1,0.0,0.0,15,1,1,14,0.0002649,1.0250000000000004e-05,0.0002568,27680.0,27820.059999999998,28009.0,28730.5017
H1,20,0.6,P,15,1,1,0.0,0.0,16,1,1,15,0.0002795,8.850000000000025e-06,0.0002727,29320.0,29466.019999999997,29663.0,30415.2039
H1,20,0.6,P,16,1,1,0.0,0.0,17,1,1,16,0.0002972,1.2100000000000025e-05,0.0002872,30960.0,31111.98,31317.0,32099.9061
H1,20,0.6,P,17,1,1,0.0,0.0,18,1,1,17,0.0003136,2.5299999999999964e-05,0.0003031,32600.0,32757.94,32971.0,33784.6083
H1,20,0.6,P,18,1,1,0.0,0.0,19,1,1,18,0.0003287,9.650000000000045e-06,0.0003184,34240.0,34403.9,34625.0,35469.3105
H1,20,0.6,P,19,1,1,0.0,0.0,20,1,1,19,0.0003447,8.649999999999966e-06,0.0003362,35880.0,36049.86,36279.0,37154.0127
H1,20,0.6,P,20,1,1,0.0,0.0,21,1,1,20,0.0003588,9.900000000000024e-06,0.0003506,37520.0,37695.82,37933.0,38838.7149
H1,20,0.6,S,1,4,1,0.0,0.0,5,4,4,4,0.0001766,7.949999999999976e-06,0.0001704,21720.0,21970.32,22308.0,23597.4924
H1,20,0.6,S,2,2,1,2.2261229582345946e-13,5.4650220918731844e-14,5,2,2,4,0.0001293,3.950000000000015e-06,0.0001244,14760.0,14897.08,15082.0,15788.1506
H1,20,0.6,S,3,2,1,0.0,0.0,7,2,2,6,0.0001629,4.999999999999986e-06,0.0001561,18040.0,18189.0,18390.0,19157.555
H1,20,0.6,S,4,2,1,0.0,0.0,9,2,2,8,0.0001945,6.800000000000003e-06,0.0001884,21320.0,21480.92,21698.0,22526.959400000003
H1,20,0.6,S,5,2,1,0.0,0.0,11,2,2,10,0.0002274,1.1350000000000005e-05,0.0002201,24600.0,24772.839999999997,25006.0,25896.363800000003
H1,20,0.6,S,6,2,1,0.0,0.0,13,2,2,12,0.0002605,7.749999999999944e-06,0.0002535,27880.0,28064.76,28314.0,29265.768200000002
H1,20,0.6,S,7,2,1,0.0,0.0,15,2,2,14,0.0002925,1.0699999999999987e-05,0.0002836,31160.0,31356.679999999997,31622.0,32635.1726
H1,20,0.6,S,8,2,1,0.0,0.0,17,2,2,16,0.0003246,1.169999999999996e-05,0.0003143,34440.0,34648.6,34930.0,36004.577000000005
H1,20,0.6,S,9,1,1,4.8770202280689305e-14,1.18635850070662e-14,10,1,1,9,0.0001837,8.599999999999992e-06,0.000179,19480.0,19590.26,19739.0,20306.990700000002
H1,20,0.6,S,10,1,1,1.786950127886157e-15,4.263892432392673e-16,11,1,1,10,0.0002006,6.7e-06,0.0001943,21120.0,21236.219999999998,21393.0,21991.692900000002
H1,20,0.6,S,11,1,1,0.0,0.0,12,1,1,11,0.0002177,9.05000000000003e-06,0.000209,22760.0,22882.18,23047.0,23676.3951
H1,20,0.6,S,12,1,1,0.0,0.0,13,1,1,12,0.0002333,7.000000000000008e-06,0.0002259,24400.0,24528.14,24701.0,25361.0973
H1,20,0.6,S,13,1,1,0.0,0.0,14,1,1,13,0.0002504,9.149999999999978e-06,0.0002414,26040.0,26174.1,26355.0,27045.7995
H1,20,0.6,S,14,1,1,0.0,0.0,15,1,1,14,0.0002631,7.850000000000001e-06,0.0002554,27680.0,27820.059999999998,28009.0,28730.5017
H1,20,0.6,S,15,1,1,0.0,0.0,16,1,1,15,0.0002797,9.149999999999978e-06,0.0002727,29320.0,29466.019999999997,29663.0,30415.2039
H1,20,0.6,S,16,1,1,0.0,0.0,17,1,1,16,0.0002972,9.350000000000038e-06,0.0002879,30960.0,31111.98,31317.0,32099.9061
H1,20,0.6,S,17,1,1,0.0,0.0,18,1,1,17,0.0003151,1.3550000000000031e-05,0.0003042,32600.0,32757.94,32971.0,33784.6083
H1,20,0.6,S,18,1,1,0.0,0.0,19,1,1,18,0.0003271,1.064999999999996e-05,0.0003208,34240.0,34403.9,34625.0,35469.3105
H1,20,0.6,S,19,1,1,0.0,0.0,20,1,1,19,0.0003463,1.5699999999999948e-05,0.0003348,35880.0,36049.86,36279.0,37154.0127
H1,20,0.6,S,20,1,1,0.0,0.0,21,1,1,20,0.0003635,2.034999999999998e-05,0.0003528,37520.0,37695.82,37933.0,38838.7149
H5,200,0.5999999999999995,P,2,2,1,0.0,0.0,5,2,2,5,0.0018099,0.0001748,0.0016867,6331400.0,6343677.600000001,6360240.0,6423486.532
H5,200,0.5999999999999995,P,3,2,1,0.0,0.0,7,2,2,7,0.0018709,0.00022045,0.0017556,6663800.0,6676196.800000001,6692920.0,6756780.575999999
H5,200,0.5999999999999995,P,4,2,1,0.0,0.0,9,2,2,9,0.0019739,0.0001945,0.0018233,6996200.0,7008716.000000001,7025600.0,7090074.619999999
H5,200,0.5999999999999995,P,5,2,1,0.0,0.0,11,2,2,11,0.0020681,0.0002374,0.0019417,7328600.0,7341235.2,7358280.0,7423368.663999999
H5,200,0.5999999999999995,P,6,1,1,7.881884111433416e-15,1.967320211922957e-15,7,1,1,6,0.0010562,0.0001191,0.0010245,3873600.0,3879947.4000000004,3888510.0,3921207.8429999994
H5,200,0.5999999999999995,P,7,1,1,0.0,0.0,8,1,1,7,0.0011215,0.0001304,0.0010402,4039800.0,4046207.0000000005,4054850.0,4087854.8649999998
H5,200,0.5999999999999995,P,8,1,1,0.0,0.0,9,1,1,8,0.0011684,0.0001497499999999,0.0010686,4206000.0,4212466.600000001,4221190.0,4254501.887
H5,200,0.5999999999999995,P,9,1,1,0.0,0.0,10,1,1,9,0.0012037,0.0001275499999999,0.001144,4372200.0,4378726.2,4387530.0,4421148.909
H5,200,0.5999999999999995,P,10,1,1,0.0,0.0,11,1,1,10,0.0012846,0.000123,0.0012043,4538400.0,4544985.800000001,4553870.0,4587795.931
H5,200,0.5999999999999995,P,11,1,1,0.0,0.0,12,1,1,11,0.001303,0.0001313999999999,0.0012175,4704600.0,4711245.4,4720210.0,4754442.952999999
H5,200,0.5999999999999995,P,12,1,1,0.0,0.0,13,1,1,12,0.0013913,0.0001429499999999,0.0012849,4870800.0,4877505.000000001,4886550.0,4921089.975
H5,200,0.5999999999999995,P,13,1,1,0.0,0.0,14,1,1,13,0.0013974,0.0002038999999999,0.0013152,5037000.0,5043764.600000001,5052890.0,5087736.9969999995
H5,200,0.5999999999999995,P,14,1,1,0.0,0.0,15,1,1,14,0.0014394,0.0001425499999999,0.0013706,5203200.0,5210024.200000001,5219230.0,5254384.018999999
H5,200,0.5999999999999995,P,15,1,1,0.0,0.0,16,1,1,15,0.001519,0.00013075,0.0014068,5369400.0,5376283.800000001,5385570.0,5421031.040999999
H5,200,0.5999999999999995,P,16,1,1,0.0,0.0,17,1,1,16,0.0015302,0.0001546,0.0014494,5535600.0,5542543.4,5551910.0,5587678.062999999
H5,200,0.5999999999999995,P,17,1,1,0.0,0.0,18,1,1,17,0.0016138,0.0001646,0.0014733,5701800.0,5708803.000000001,5718250.0,5754325.084999999
H5,200,0.5999999999999995,P,18,1,1,0.0,0.0,19,1,1,18,0.0016235,0.000154,0.00153,5868000.0,5875062.600000001,5884590.0,5920972.106999999
H5,200,0.5999999999999995,P,19,1,1,0.0,0.0,20,1,1,19,0.0016664,0.0001797499999999,0.0015855,6034200.0,6041322.200000001,6050930.0,6087619.128999999
H5,200,0.5999999999999995,P,20,1,1,0.0,0.0,21,1,1,20,0.0017174,0.0001004999999999,0.0016386,6200400.0,6207581.800000001,6217270.0,6254266.150999999
H5,200,0.5999999999999995,S,1,3,1,0.0,0.0,4,3,3,3,0.0023938,0.0001693999999999,0.0022471,8875400.0,8893548.200000001,8918030.0,9011518.199
H5,200,0.5999999999999995,S,2,2,1,0.0,0.0,5,2,2,4,0.0016932,0.0002796,0.0016082,6291400.0,6303618.000000001,6320100.0,6383039.51
H5,200,0.5999999999999995,S,3,2,1,0.0,0.0,7,2,2,6,0.0018575,0.0002785999999999,0.0017346,6623800.0,6636137.2,6652780.0,6716333.554
H5,200,0.5999999999999995,S,4,2,1,0.0,0.0,9,2,2,8,0.0019028,0.00024495,0.0018248,6956200.0,6968656.4,6985460.0,7049627.597999999
H5,200,0.5999999999999995,S,5,2,1,0.0,0.0,11,2,2,10,0.0020096,0.0001405,0.0018933,7288600.0,7301175.600000001,7318140.0,7382921.641999999
H5,200,0.5999999999999995,S,6,1,1,7.881884111433416e-15,1.967320211922957e-15,7,1,1,6,0.0010743,0.0001334999999999,0.001009,3873600.0,3879947.4000000004,3888510.0,3921207.8429999994
H5,200,0.5999999999999995,S,7,1,1,0.0,0.0,8,1,1,7,0.0011337,0.0001744999999999,0.0010598,4039800.0,4046207.0000000005,4054850.0,4087854.8649999998
H5,200,0.5999999999999995,S,8,1,1,0.0,0.0,9,1,1,8,0.0011541,0.00017115,0.0010826,4206000.0,4212466.600000001,4221190.0,4254501.887
H5,200,0.5999999999999995,S,9,1,1,0.0,0.0,10,1,1,9,0.0012599,0.0001494,0.0011315,4372200.0,4378726.2,4387530.0,4421148.909
H5,200,0.5999999999999995,S,10,1,1,0.0,0.0,11,1,1,10,0.0012533,0.0001116999999999,0.0011868,4538400.0,4544985.800000001,4553870.0,4587795.931
H5,200,0.5999999999999995,S,11,1,1,0.0,0.0,12,1,1,11,0.0013045,0.00014495,0.001239,4704600.0,4711245.4,4720210.0,4754442.952999999
H5,200,0.5999999999999995,S,12,1,1,0.0,0.0,13,1,1,12,0.0013681,0.0001333999999999,0.0012828,4870800.0,4877505.000000001,4886550.0,4921089.975
H5,200,0.5999999999999995,S,13,1,1,0.0,0.0,14,1,1,13,0.0014214,0.0001872999999999,0.0013385,5037000.0,5043764.600000001,5052890.0,5087736.9969999995
H5,200,0.5999999999999995,S,14,1,1,0.0,0.0,15,1,1,14,0.0014722,0.0001978499999999,0.0013867,5203200.0,5210024.200000001,5219230.0,5254384.018999999
H5,200,0.5999999999999995,S,15,1,1,0.0,0.0,16,1,1,15,0.0014714,9.700000000000008e-05,0.0013887,5369400.0,5376283.800000001,5385570.0,5421031.040999999
H5,200,0.5999999999999995,S,16,1,1,0.0,0.0,17,1,1,16,0.0015162,0.0001582499999999,0.0014783,5535600.0,5542543.4,5551910.0,5587678.062999999
H5,200,0.5999999999999995,S,17,1,1,0.0,0.0,18,1,1,17,0.0016013,0.0001209999999999,0.0014837,5701800.0,5708803.000000001,5718250.0,5754325.084999999
H5,200,0.5999999999999995,S,18,1,1,0.0,0.0,19,1,1,18,0.0016448,0.00018335,0.0015425,5868000.0,5875062.600000001,5884590.0,5920972.106999999
H5,200,0.5999999999999995,S,19,1,1,0.0,0.0,20,1,1,19,0.0016671,0.0001370999999999,0.0015932,6034200.0,6041322.200000001,6050930.0,6087619.128999999
H5,200,0.5999999999999995,S,20,1,1,0.0,0.0,21,1,1,20,0.0017328,8.250000000000011e-05,0.0016282,6200400.0,6207581.800000001,6217270.0,6254266.150999999
