kappa,system,n,N,q_star,p_at_q_star,cost_at_q_star,eta_star,eta_q_Nplus1,eta_q_Nplus2,rel_eta_qN2_vs_qN1
1.0,H1,20,2,2,8.531128874149275,14060.0,0.00015246953729605443,0.00014511963303004793,0.00013021709197237705,-0.10269141911753055
1.0,H1,20,3,2,11.65685424949238,18140.0,0.00013538557632850228,0.00012033796243244912,0.00010942055477174876,-0.09072288943589835
1.0,H1,20,4,2,14.72841614740048,22220.0,0.00012105214667230049,9.871991696502838e-05,9.057578660056304e-05,-0.08249733807363724
1.0,H1,20,5,2,17.774964387392124,26300.0,0.00010942170996825302,8.184127048397417e-05,7.563978732677668e-05,-0.07577452207822022
1.0,H1,20,6,2,20.80776406404415,30380.0,9.991198780014187e-05,6.879583950918497e-05,6.397673639689409e-05,-0.0700493394175018
1.0,H2,50,2,2,8.531128874149275,120650.0,1.776810355891028e-05,1.760906125819822e-05,1.6301987086618198e-05,-0.07422736240249561
1.0,H2,50,3,2,11.65685424949238,148650.0,1.6521320918930583e-05,1.5653822412363112e-05,1.4547453579527009e-05,-0.0706772316493327
1.0,H2,50,4,2,14.72841614740048,176650.0,1.522659891909718e-05,1.3424182628822854e-05,1.2513307659040373e-05,-0.06785329095767478
1.0,H2,50,5,2,17.774964387392124,204650.0,1.406201305724434e-05,1.1470130315788773e-05,1.0727989010395789e-05,-0.0647020814028082
1.0,H2,50,6,2,20.80776406404415,232650.0,1.3046749148370127e-05,9.852327022068487e-06,9.24710627961885e-06,-0.06142921779737798
1.0,H3,100,2,3,10.898979485566356,679700.0,3.514299190340722e-06,3.514299190340722e-06,3.3201221503299056e-06,-0.05525341739386469
1.0,H3,100,3,3,15.615773105863909,802700.0,3.423796561568986e-06,3.3455235052592065e-06,3.1529304969027842e-06,-0.05756737564499648
1.0,H3,100,4,2,14.72841614740048,825700.0,3.2575738150157645e-06,3.0009732242544826e-06,2.824350627293399e-06,-0.05885510591483578
1.0,H3,100,5,2,17.774964387392124,928700.0,3.098730453499574e-06,2.643414358643306e-06,2.48883450156137e-06,-0.05847734638215085
1.0,H3,100,6,2,20.80776406404415,1031700.0,2.942062798651071e-06,2.3192822720715015e-06,2.1869058047087058e-06,-0.05707647963202067
1.0,H4,150,2,3,10.898979485566356,1912750.0,1.2488140947194294e-06,1.2488140947194294e-06,1.1993135659133347e-06,-0.03963802860282095
1.0,H4,150,3,3,15.615773105863909,2191750.0,1.2539210676269762e-06,1.2451116677947935e-06,1.1895076670396043e-06,-0.04465784249991733
1.0,H4,150,4,3,19.69535971483266,2470750.0,1.2062665427614519e-06,1.1566192103203873e-06,1.1004709731776268e-06,-0.04854513623996204
1.0,H4,150,5,2,17.774964387392124,2479750.0,1.1605165731081981e-06,1.0460784625383314e-06,9.93454220911774e-07,-0.050306208865885216
1.0,H4,150,6,2,20.80776406404415,2713750.0,1.1184988261145315e-06,9.364735903342976e-07,8.891081389461383e-07,-0.05057852338500124
1.0,H5,200,2,3,10.898979485566356,4058600.0,5.885451041429529e-07,5.885451041429529e-07,5.713242345412533e-07,-0.02926006771694567
1.0,H5,200,3,4,19.165151389911678,4871000.0,6.062602336465411e-07,6.062602336465411e-07,5.84728605156677e-07,-0.03551548872066923
1.0,H5,200,4,3,19.69535971483266,5043400.0,5.909471904921e-07,5.781215659621574e-07,5.544745753713552e-07,-0.04090314560649022
1.0,H5,200,5,3,23.747340124470732,5535800.0,5.72179365123314e-07,5.338137284642371e-07,5.102981977167932e-07,-0.04405194076798513
1.0,H5,200,6,2,20.80776406404415,5468200.0,5.550869005099136e-07,4.857527769703465e-07,4.6365415313124805e-07,-0.04549356151276829
1.298,H1,20,2,2,8.531128874149275,14170.259999999998,0.00015128315883988902,0.00014399861344759502,0.00012921665633304773,-0.10265346839556089
1.298,H1,20,3,2,11.65685424949238,18268.14,0.0001344359280473563,0.0001194819187909728,0.00010863862299570971,-0.09075260846984601
1.298,H1,20,4,2,14.72841614740048,22366.019999999997,0.0001202618391228532,9.804540355460102e-05,8.995158567038253e-05,-0.08255173206269761
1.298,H1,20,5,2,17.774964387392124,26463.899999999998,0.00010874402382736689,8.1292874115163e-05,7.512793161772312e-05,-0.07583619800065566
1.298,H1,20,6,2,20.80776406404415,30561.78,9.931771609403346e-05,6.833886577807084e-05,6.354755697568135e-05,-0.0701110378089852
1.298,H2,50,2,2,8.531128874149275,121149.15000000001,1.7694896698677005e-05,1.7538744661925547e-05,1.6238547345230642e-05,-0.07413286080374237
1.298,H2,50,3,2,11.65685424949238,149193.85,1.6461096450014737e-05,1.559899646692239e-05,1.4497243022755408e-05,-0.07062976432511181
1.298,H2,50,4,2,14.72841614740048,177238.55,1.5176036472079675e-05,1.3381003436133356e-05,1.2473335724154239e-05,-0.06783255951703138
1.298,H2,50,5,2,17.774964387392124,205283.25,1.4018635091587132e-05,1.1435229354734902e-05,1.0695411207050473e-05,-0.0646963978364018
1.298,H2,50,6,2,20.80776406404415,233327.94999999998,1.3008840944123112e-05,9.82342304862149e-06,9.219950489602316e-06,-0.061432003491273646
1.298,H3,100,2,3,10.898979485566356,681592.2999999999,3.504542465744682e-06,3.504542465744682e-06,3.3112511129761344e-06,-0.05515451864483967
1.298,H3,100,3,3,15.615773105863909,804711.5,3.4152382561594127e-06,3.3374673800223046e-06,3.1455790496152294e-06,-0.05749519277872095
1.298,H3,100,4,2,14.72841614740048,827681.7,3.249774278032868e-06,2.994512557426534e-06,2.818423361324169e-06,-0.058803959818320095
1.298,H3,100,5,2,17.774964387392124,930771.1,3.0918353311196e-06,2.6381962099248326e-06,2.484016448854823e-06,-0.05844135492651725
1.298,H3,100,6,2,20.80776406404415,1033860.5,2.9359146513173778e-06,2.3149997164373804e-06,2.1829263406029347e-06,-0.05705114125789057
1.298,H4,150,2,3,10.898979485566356,1916705.9499999997,1.2462366278325525e-06,1.2462366278325525e-06,1.196922905661692e-06,-0.03957011138135669
1.298,H4,150,3,3,15.615773105863909,2195884.75,1.2515599919219007e-06,1.24285126889485e-06,1.1874172217545456e-06,-0.044602317692926
1.298,H4,150,4,3,19.69535971483266,2475063.55,1.2041642569249818e-06,1.1547370965875584e-06,1.0987301717431592e-06,-0.048501884117093885
1.298,H4,150,5,2,17.774964387392124,2483974.15,1.1585430436806496e-06,1.044524198207495e-06,9.920126909354154e-07,-0.05027313619176499
1.298,H4,150,6,2,20.80776406404415,2718108.25,1.1167054105988273e-06,9.351821068429995e-07,8.879054959039371e-07,-0.05055337414298855
1.298,H5,200,2,3,10.898979485566356,4065364.6000000006,5.875657892221004e-07,5.875657892221004e-07,5.704028798313892e-07,-0.029210191787091166
1.298,H5,200,3,4,19.165151389911678,4878241.4,6.053602837473974e-07,6.053602837473974e-07,5.838872720767925e-07,-0.03547145765440585
1.298,H5,200,4,3,19.69535971483266,5050641.4,5.900999149390921e-07,5.773472049763817e-07,5.537530130395677e-07,-0.040866556092151285
1.298,H5,200,5,3,23.747340124470732,5543279.800000001,5.714072974360128e-07,5.331600536635027e-07,5.09689083782096e-07,-0.04402237136884246
1.298,H5,200,6,2,20.80776406404415,5475501.0,5.543467509855829e-07,4.85201920625687e-07,4.631398109850734e-07,-0.045469955296474684
1.7,H1,20,2,2,8.531128874149275,14319.0,0.00014971169036821883,0.00014251352304006854,0.00012789118130495397,-0.10260318756559972
1.7,H1,20,3,2,11.65685424949238,18441.0,0.0001331757689170344,0.00011834623484520103,0.00010760133962098303,-0.0907920327019488
1.7,H1,20,4,2,14.72841614740048,22563.0,0.00011921192656377772,9.714995998456478e-05,8.912304826798957e-05,-0.082623932298588
1.7,H1,20,5,2,17.774964387392124,26685.0,0.00010784301938036553,8.056463094742271e-05,7.444831821811695e-05,-0.07591808784300547
1.7,H1,20,6,2,20.80776406404415,30807.0,9.852715906671568e-05,6.773194445834053e-05,6.29776381979119e-05,-0.07019296874538761
1.7,H2,50,2,2,8.531128874149275,121822.5,1.7597091624145995e-05,1.7444773034449537e-05,1.615374577540349e-05,-0.07400653803271351
1.7,H2,50,3,2,11.65685424949238,149927.5,1.6380546294702647e-05,1.5525642249082196e-05,1.4430055928253535e-05,-0.07056624796912514
1.7,H2,50,4,2,14.72841614740048,178032.5,1.5108357738382132e-05,1.3323193195008119e-05,1.2419816719878446e-05,-0.06780480188999627
1.7,H2,50,5,2,17.774964387392124,206137.5,1.3960540766066603e-05,1.1388483326898105e-05,1.0651776175081342e-05,-0.06468878521135091
1.7,H2,50,6,2,20.80776406404415,234242.5,1.2958050692629688e-05,9.784699423331246e-06,9.183569217092372e-06,-0.061435735553153736
1.7,H3,100,2,3,10.898979485566356,684145.0,3.4914662237896773e-06,3.4914662237896773e-06,3.2993589813987025e-06,-0.055021939230578965
1.7,H3,100,3,3,15.615773105863909,807425.0,3.4037607207745923e-06,3.326660994465843e-06,3.1357161416430114e-06,-0.0573983502197799
1.7,H3,100,4,2,14.72841614740048,830355.0,3.2393117390254974e-06,2.98584110777597e-06,2.8104668248746864e-06,-0.05873530324321663
1.7,H3,100,5,2,17.774964387392124,933565.0,3.0825823292058448e-06,2.631189516317546e-06,2.4775464066296144e-06,-0.058393022902797576
1.7,H3,100,6,2,20.80776406404415,1036775.0,2.92766143991542e-06,2.3092475732272817e-06,2.1775809602377402e-06,-0.05701710570838936
1.7,H4,150,2,3,10.898979485566356,1922042.5,1.2427764524845777e-06,1.2427764524845777e-06,1.193712981141601e-06,-0.039478919354231645
1.7,H4,150,3,3,15.615773105863909,2201462.5,1.2483889686839657e-06,1.2398149774778149e-06,1.1846088388737515e-06,-0.044527723577247436
1.7,H4,150,4,3,19.69535971483266,2480882.5,1.2013398701985511e-06,1.152207821477224e-06,1.0963905496347992e-06,-0.04844375363713682
1.7,H4,150,5,2,17.774964387392124,2489672.5,1.1558913761408595e-06,1.0424348091601516e-06,9.900746918539346e-07,-0.0502286731468623
1.7,H4,150,6,2,20.80776406404415,2723987.5,1.1142951975250657e-06,9.334455376284379e-07,8.862882839065464e-07,-0.05051955558296606
1.7,H5,200,2,3,10.898979485566356,4074490.0,5.862498520488672e-07,5.862498520488672e-07,5.691646765747215e-07,-0.029143163813918793
1.7,H5,200,3,4,19.165151389911678,4888010.0,6.041504821169149e-07,6.041504821169149e-07,5.827561479193541e-07,-0.03541226040670542
1.7,H5,200,4,3,19.69535971483266,5060410.0,5.889607878665676e-07,5.763058779699907e-07,5.527826005664692e-07,-0.0408173477015038
1.7,H5,200,5,3,23.747340124470732,5553370.0,5.70369078496416e-07,5.322807830055682e-07,5.088696933735559e-07,-0.04398259411098715
1.7,H5,200,6,2,20.80776406404415,5485350.0,5.533514159293956e-07,4.844607955786881e-07,4.6244777219361424e-07,-0.04543819352560674
3.23511,H1,20,2,2,8.531128874149275,14886.990700000002,0.00014399966639211544,0.00013711358811333823,0.00012307037136308246,-0.10242031401473972
3.23511,H1,20,3,2,11.65685424949238,19101.0973,0.00012857346968223816,0.00011420109659402686,0.00010381611727836959,-0.09093589838786575
3.23511,H1,20,4,2,14.72841614740048,23315.2039,0.00011536586643612912,9.387595890924414e-05,8.609478527136338e-05,-0.08288782056972988
3.23511,H1,20,5,2,17.774964387392124,27529.3105,0.00010453552667674166,7.789977586685548e-05,7.196244011118148e-05,-0.07621762308818403
3.23511,H1,20,6,2,20.80776406404415,31743.4171,9.56206504109575e-05,6.551023515783595e-05,6.089223762545616e-05,-0.07049276378345304
3.23511,H2,50,2,2,8.531128874149275,124393.80924999999,1.72333471199856e-05,1.709500436364683e-05,1.583790521382121e-05,-0.0735360531699476
3.23511,H2,50,3,2,11.65685424949238,152729.07575,1.6080070821740906e-05,1.5251761266450213e-05,1.4179119818181324e-05,-0.07032902164738253
3.23511,H2,50,4,2,14.72841614740048,181064.34225,1.48553749768393e-05,1.310695551573305e-05,1.2219602037276864e-05,-0.06770096056182107
3.23511,H2,50,5,2,17.774964387392124,209399.60875,1.3743058018798969e-05,1.1213437386261428e-05,1.0488373410331702e-05,-0.06466027775016303
3.23511,H2,50,6,2,20.80776406404415,237734.87525,1.2767694206314434e-05,9.639593437991492e-06,9.04724311886564e-06,-0.061449720150155485
3.23511,H3,100,2,3,10.898979485566356,693892.9485,3.442417400030098e-06,3.442417400030098e-06,3.254721988025379e-06,-0.05452430376487116
3.23511,H3,100,3,3,15.615773105863909,817786.9924999999,3.3606324448495376e-06,3.2860308364727596e-06,3.0986151544596284e-06,-0.05703406064634009
3.23511,H3,100,4,2,14.72841614740048,840563.4815,3.1999709221944314e-06,2.9531846096231942e-06,2.780492254709877e-06,-0.058476654100994896
3.23511,H3,100,5,2,17.774964387392124,944234.0144999999,3.0477518580909526e-06,2.6047721678344375e-06,2.4531464212505612e-06,-0.05821075196374481
3.23511,H3,100,6,2,20.80776406404415,1047904.5475,2.896567436995792e-06,2.287542494467585e-06,2.157407280575639e-06,-0.05688865418092892
3.23511,H4,150,2,3,10.898979485566356,1942421.0852500002,1.2297380716329869e-06,1.2297380716329869e-06,1.1816120993327287e-06,-0.039135140572130966
3.23511,H4,150,3,3,15.615773105863909,2222762.15125,1.2364262628936218e-06,1.2283555784556868e-06,1.1740056473206189e-06,-0.044246089722161486
3.23511,H4,150,4,3,19.69535971483266,2503103.21725,1.1906752546154346e-06,1.1426504210075705e-06,1.0875472114642922e-06,-0.04822403119117491
3.23511,H4,150,5,2,17.774964387392124,2511432.68425,1.1458762124952043e-06,1.0345324209419191e-06,9.82743242268098e-07,-0.05006046946954856
3.23511,H4,150,6,2,20.80776406404415,2746438.48375,1.1051863012143135e-06,9.268730524937516e-07,8.801664930345644e-07,-0.05039153887743664
3.23511,H5,200,2,3,10.898979485566356,4109336.997,5.812784790876057e-07,5.812784790876057e-07,5.644854248088343e-07,-0.02888986068283539
3.23511,H5,200,3,4,19.165151389911678,4925313.173,5.995747873010025e-07,5.995747873010025e-07,5.784767700080241e-07,-0.03518829967476045
3.23511,H5,200,4,3,19.69535971483266,5097713.173,5.846509914118813e-07,5.723637057008118e-07,5.491079886632201e-07,-0.04063101277380454
3.23511,H5,200,5,3,23.747340124470732,5591901.261,5.664389232944365e-07,5.289496440102331e-07,5.057647935965531e-07,-0.043831866938985
3.23511,H5,200,6,2,20.80776406404415,5522960.195,5.495832094021293e-07,4.81651384824276e-07,4.598240163242589e-07,-0.04531777378358537
