kappa,system,n,N,q,p_reference,cost,eta
1.0,H1,20,2,2,8.531128874149275,14060.0,0.00015246953729605443
1.0,H1,20,2,3,10.898979485566356,16460.0,0.00014511963303004793
1.0,H1,20,2,4,11.65685424949238,18860.0,0.00013021709197237705
1.0,H1,20,3,2,11.65685424949238,18140.0,0.00013538557632850228
1.0,H1,20,3,3,15.615773105863909,21340.0,0.0001287854498580799
1.0,H1,20,3,4,19.165151389911678,24540.0,0.00012033796243244912
1.0,H1,20,3,5,20.807764064044157,27740.0,0.00010942055477174876
1.0,H1,20,4,2,14.72841614740048,22220.0,0.00012105214667230049
1.0,H1,20,4,3,19.69535971483266,26220.0,0.00011366830894461698
1.0,H1,20,4,4,24.67579566188592,30220.0,0.00010608282033318333
1.0,H1,20,4,5,29.317821063276355,34220.0,9.871991696502838e-05
1.0,H1,20,4,6,31.874507866387546,38220.0,9.057578660056304e-05
1.0,H1,20,5,2,17.774964387392124,26300.0,0.00010942170996825302
1.0,H1,20,5,3,23.747340124470732,31100.0,0.00010184792699194989
1.0,H1,20,5,4,29.730919862656236,35900.0,9.448990465417493e-05
1.0,H1,20,5,5,35.72004514666935,40700.0,8.785533218457044e-05
1.0,H1,20,5,6,41.420577856662135,45500.0,8.184127048397417e-05
1.0,H1,20,5,7,44.91093483101497,50300.0,7.563978732677668e-05
1.0,H1,20,6,2,20.80776406404415,30380.0,9.991198780014187e-05
1.0,H1,20,6,3,27.78404875209022,35980.0,9.239750055926718e-05
1.0,H1,20,6,4,34.76991603917054,41580.0,8.534758372457097e-05
1.0,H1,20,6,5,41.760539492026695,47180.0,7.910029381859487e-05
1.0,H1,20,6,6,48.75386567126981,52780.0,7.364123702389215e-05
1.0,H1,20,6,7,55.49545416973504,58380.0,6.879583950918497e-05
1.0,H1,20,6,8,59.93325909419152,63980.0,6.397673639689409e-05
1.0,H2,50,2,2,8.531128874149275,120650.0,1.776810355891028e-05
1.0,H2,50,2,3,10.898979485566356,135650.0,1.760906125819822e-05
1.0,H2,50,2,4,11.65685424949238,150650.0,1.6301987086618198e-05
1.0,H2,50,3,2,11.65685424949238,148650.0,1.6521320918930583e-05
1.0,H2,50,3,3,15.615773105863909,168650.0,1.6295769344627483e-05
1.0,H2,50,3,4,19.165151389911678,188650.0,1.5653822412363112e-05
1.0,H2,50,3,5,20.807764064044157,208650.0,1.4547453579527009e-05
1.0,H2,50,4,2,14.72841614740048,176650.0,1.522659891909718e-05
1.0,H2,50,4,3,19.69535971483266,201650.0,1.477998046381283e-05
1.0,H2,50,4,4,24.67579566188592,226650.0,1.4144376044424444e-05
1.0,H2,50,4,5,29.317821063276355,251650.0,1.3424182628822854e-05
1.0,H2,50,4,6,31.874507866387546,276650.0,1.2513307659040373e-05
1.0,H2,50,5,2,17.774964387392124,204650.0,1.406201305724434e-05
1.0,H2,50,5,3,23.747340124470732,234650.0,1.3498702448112686e-05
1.0,H2,50,5,4,29.730919862656236,264650.0,1.2817636792310146e-05
1.0,H2,50,5,5,35.72004514666935,294650.0,1.2135455692896713e-05
1.0,H2,50,5,6,41.420577856662135,324650.0,1.1470130315788773e-05
1.0,H2,50,5,7,44.91093483101497,354650.0,1.0727989010395789e-05
1.0,H2,50,6,2,20.80776406404415,232650.0,1.3046749148370127e-05
1.0,H2,50,6,3,27.78404875209022,267650.0,1.2420930581440063e-05
1.0,H2,50,6,4,34.76991603917054,302650.0,1.172559897990306e-05
1.0,H2,50,6,5,41.760539492026695,337650.0,1.105272282648099e-05
1.0,H2,50,6,6,48.75386567126981,372650.0,1.0430120730232196e-05
1.0,H2,50,6,7,55.49545416973504,407650.0,9.852327022068487e-06
1.0,H2,50,6,8,59.93325909419152,442650.0,9.24710627961885e-06
1.0,H3,100,2,2,8.531128874149275,619700.0,3.4592894858520664e-06
1.0,H3,100,2,3,10.898979485566356,679700.0,3.514299190340722e-06
1.0,H3,100,2,4,11.65685424949238,739700.0,3.3201221503299056e-06
1.0,H3,100,3,2,11.65685424949238,722700.0,3.39822105244089e-06
1.0,H3,100,3,3,15.615773105863909,802700.0,3.423796561568986e-06
1.0,H3,100,3,4,19.165151389911678,882700.0,3.3455235052592065e-06
1.0,H3,100,3,5,20.807764064044157,962700.0,3.1529304969027842e-06
1.0,H3,100,4,2,14.72841614740048,825700.0,3.2575738150157645e-06
1.0,H3,100,4,3,19.69535971483266,925700.0,3.2195992875962592e-06
1.0,H3,100,4,4,24.67579566188592,1025700.0,3.1254975435983234e-06
1.0,H3,100,4,5,29.317821063276355,1125700.0,3.0009732242544826e-06
1.0,H3,100,4,6,31.874507866387546,1225700.0,2.824350627293399e-06
1.0,H3,100,5,2,17.774964387392124,928700.0,3.098730453499574e-06
1.0,H3,100,5,3,23.747340124470732,1048700.0,3.020378115237572e-06
1.0,H3,100,5,4,29.730919862656236,1168700.0,2.902530655501737e-06
1.0,H3,100,5,5,35.72004514666935,1288700.0,2.7746659578738394e-06
1.0,H3,100,5,6,41.420577856662135,1408700.0,2.643414358643306e-06
1.0,H3,100,5,7,44.91093483101497,1528700.0,2.48883450156137e-06
1.0,H3,100,6,2,20.80776406404415,1031700.0,2.942062798651071e-06
1.0,H3,100,6,3,27.78404875209022,1171700.0,2.8372980030062583e-06
1.0,H3,100,6,4,34.76991603917054,1311700.0,2.7054604949818258e-06
1.0,H3,100,6,5,41.760539492026695,1451700.0,2.5707459270932745e-06
1.0,H3,100,6,6,48.75386567126981,1591700.0,2.4419077025325297e-06
1.0,H3,100,6,7,55.49545416973504,1731700.0,2.3192822720715015e-06
1.0,H3,100,6,8,59.93325909419152,1871700.0,2.1869058047087058e-06
1.0,H4,150,2,2,8.531128874149275,1777750.0,1.2058622946885251e-06
1.0,H4,150,2,3,10.898979485566356,1912750.0,1.2488140947194294e-06
1.0,H4,150,2,4,11.65685424949238,2047750.0,1.1993135659133347e-06
1.0,H4,150,3,2,11.65685424949238,2011750.0,1.2207751234492513e-06
1.0,H4,150,3,3,15.615773105863909,2191750.0,1.2539210676269762e-06
1.0,H4,150,3,4,19.165151389911678,2371750.0,1.2451116677947935e-06
1.0,H4,150,3,5,20.807764064044157,2551750.0,1.1895076670396043e-06
1.0,H4,150,4,2,14.72841614740048,2245750.0,1.1977195587480872e-06
1.0,H4,150,4,3,19.69535971483266,2470750.0,1.2062665427614519e-06
1.0,H4,150,4,4,24.67579566188592,2695750.0,1.1892136995154596e-06
1.0,H4,150,4,5,29.317821063276355,2920750.0,1.1566192103203873e-06
1.0,H4,150,4,6,31.874507866387546,3145750.0,1.1004709731776268e-06
1.0,H4,150,5,2,17.774964387392124,2479750.0,1.1605165731081981e-06
1.0,H4,150,5,3,23.747340124470732,2749750.0,1.1519121845439191e-06
1.0,H4,150,5,4,29.730919862656236,3019750.0,1.1233339107823098e-06
1.0,H4,150,5,5,35.72004514666935,3289750.0,1.0869251523404565e-06
1.0,H4,150,5,6,41.420577856662135,3559750.0,1.0460784625383314e-06
1.0,H4,150,5,7,44.91093483101497,3829750.0,9.93454220911774e-07
1.0,H4,150,6,2,20.80776406404415,2713750.0,1.1184988261145315e-06
1.0,H4,150,6,3,27.78404875209022,3028750.0,1.0976350210887108e-06
1.0,H4,150,6,4,34.76991603917054,3343750.0,1.0613091682295808e-06
1.0,H4,150,6,5,41.760539492026695,3658750.0,1.0200073419504767e-06
1.0,H4,150,6,6,48.75386567126981,3973750.0,9.781150022324072e-07
1.0,H4,150,6,7,55.49545416973504,4288750.0,9.364735903342976e-07
1.0,H4,150,6,8,59.93325909419152,4603750.0,8.891081389461383e-07
1.0,H5,200,2,2,8.531128874149275,3818600.0,5.61389434447841e-07
1.0,H5,200,2,3,10.898979485566356,4058600.0,5.885451041429529e-07
1.0,H5,200,2,4,11.65685424949238,4298600.0,5.713242345412533e-07
1.0,H5,200,3,2,11.65685424949238,4231000.0,5.804524591347273e-07
1.0,H5,200,3,3,15.615773105863909,4551000.0,6.038851900618381e-07
1.0,H5,200,3,4,19.165151389911678,4871000.0,6.062602336465411e-07
1.0,H5,200,3,5,20.807764064044157,5191000.0,5.84728605156677e-07
1.0,H5,200,4,2,14.72841614740048,4643400.0,5.792692206268073e-07
1.0,H5,200,4,3,19.69535971483266,5043400.0,5.909471904921e-07
1.0,H5,200,4,4,24.67579566188592,5443400.0,5.889375813772275e-07
1.0,H5,200,4,5,29.317821063276355,5843400.0,5.781215659621574e-07
1.0,H5,200,4,6,31.874507866387546,6243400.0,5.544745753713552e-07
1.0,H5,200,5,2,17.774964387392124,5055800.0,5.692058570681305e-07
1.0,H5,200,5,3,23.747340124470732,5535800.0,5.72179365123314e-07
1.0,H5,200,5,4,29.730919862656236,6015800.0,5.638797129367466e-07
1.0,H5,200,5,5,35.72004514666935,6495800.0,5.504652267483631e-07
1.0,H5,200,5,6,41.420577856662135,6975800.0,5.338137284642371e-07
1.0,H5,200,5,7,44.91093483101497,7455800.0,5.102981977167932e-07
1.0,H5,200,6,2,20.80776406404415,5468200.0,5.550869005099136e-07
1.0,H5,200,6,3,27.78404875209022,6028200.0,5.514850320365006e-07
1.0,H5,200,6,4,34.76991603917054,6588200.0,5.38652823421824e-07
1.0,H5,200,6,5,41.760539492026695,7148200.0,5.220827428389394e-07
1.0,H5,200,6,6,48.75386567126981,7708200.0,5.042402234141599e-07
1.0,H5,200,6,7,55.49545416973504,8268200.0,4.857527769703465e-07
1.0,H5,200,6,8,59.93325909419152,8828200.0,4.6365415313124805e-07
1.298,H1,20,2,2,8.531128874149275,14170.259999999998,0.00015128315883988902
1.298,H1,20,2,3,10.898979485566356,16588.14,0.00014399861344759502
1.298,H1,20,2,4,11.65685424949238,19006.019999999997,0.00012921665633304773
1.298,H1,20,3,2,11.65685424949238,18268.14,0.0001344359280473563
1.298,H1,20,3,3,15.615773105863909,21491.98,0.0001278747467646734
1.298,H1,20,3,4,19.165151389911678,24715.82,0.0001194819187909728
1.298,H1,20,3,5,20.807764064044157,27939.659999999996,0.00010863862299570971
1.298,H1,20,4,2,14.72841614740048,22366.019999999997,0.0001202618391228532
1.298,H1,20,4,3,19.69535971483266,26395.82,0.00011291117535003108
1.298,H1,20,4,4,24.67579566188592,30425.62,0.00010536589987217353
1.298,H1,20,4,5,29.317821063276355,34455.42,9.804540355460102e-05
1.298,H1,20,4,6,31.874507866387546,38485.22,8.995158567038253e-05
1.298,H1,20,5,2,17.774964387392124,26463.899999999998,0.00010874402382736689
1.298,H1,20,5,3,23.747340124470732,31299.659999999996,0.00010119824079397802
1.298,H1,20,5,4,29.730919862656236,36135.42,9.387430883838849e-05
1.298,H1,20,5,5,35.72004514666935,40971.18,8.727383541094049e-05
1.298,H1,20,5,6,41.420577856662135,45806.94,8.1292874115163e-05
1.298,H1,20,5,7,44.91093483101497,50642.7,7.512793161772312e-05
1.298,H1,20,6,2,20.80776406404415,30561.78,9.931771609403346e-05
1.298,H1,20,6,3,27.78404875209022,36203.5,9.182709047805966e-05
1.298,H1,20,6,4,34.76991603917054,41845.22,8.480664054980858e-05
1.298,H1,20,6,5,41.760539492026695,47486.94,7.858901547164982e-05
1.298,H1,20,6,6,48.75386567126981,53128.659999999996,7.315796201374226e-05
1.298,H1,20,6,7,55.49545416973504,58770.38,6.833886577807084e-05
1.298,H1,20,6,8,59.93325909419152,64412.1,6.354755697568135e-05
1.298,H2,50,2,2,8.531128874149275,121149.15000000001,1.7694896698677005e-05
1.298,H2,50,2,3,10.898979485566356,136193.85,1.7538744661925547e-05
1.298,H2,50,2,4,11.65685424949238,151238.55,1.6238547345230642e-05
1.298,H2,50,3,2,11.65685424949238,149193.85,1.6461096450014737e-05
1.298,H2,50,3,3,15.615773105863909,169253.45,1.6237669010418547e-05
1.298,H2,50,3,4,19.165151389911678,189313.05,1.559899646692239e-05
1.298,H2,50,3,5,20.807764064044157,209372.65000000002,1.4497243022755408e-05
1.298,H2,50,4,2,14.72841614740048,177238.55,1.5176036472079675e-05
1.298,H2,50,4,3,19.69535971483266,202313.05,1.4731541344109327e-05
1.298,H2,50,4,4,24.67579566188592,227387.55,1.4098497611099642e-05
1.298,H2,50,4,5,29.317821063276355,252462.05,1.3381003436133356e-05
1.298,H2,50,4,6,31.874507866387546,277536.55,1.2473335724154239e-05
1.298,H2,50,5,2,17.774964387392124,205283.25,1.4018635091587132e-05
1.298,H2,50,5,3,23.747340124470732,235372.65,1.3457258222013653e-05
1.298,H2,50,5,4,29.730919862656236,265462.05,1.2778427564636378e-05
1.298,H2,50,5,5,35.72004514666935,295551.45,1.2098441810764307e-05
1.298,H2,50,5,6,41.420577856662135,325640.85,1.1435229354734902e-05
1.298,H2,50,5,7,44.91093483101497,355730.25,1.0695411207050473e-05
1.298,H2,50,6,2,20.80776406404415,233327.94999999998,1.3008840944123112e-05
1.298,H2,50,6,3,27.78404875209022,268432.25,1.2384734211788757e-05
1.298,H2,50,6,4,34.76991603917054,303536.55,1.1691351605820324e-05
1.298,H2,50,6,5,41.760539492026695,338640.85,1.1020382987939307e-05
1.298,H2,50,6,6,48.75386567126981,373745.15,1.0399558335729648e-05
1.298,H2,50,6,7,55.49545416973504,408849.44999999995,9.82342304862149e-06
1.298,H2,50,6,8,59.93325909419152,443953.75,9.219950489602316e-06
1.298,H3,100,2,2,8.531128874149275,621502.8999999999,3.44925453184937e-06
1.298,H3,100,2,3,10.898979485566356,681592.2999999999,3.504542465744682e-06
1.298,H3,100,2,4,11.65685424949238,741681.7,3.3112511129761344e-06
1.298,H3,100,3,2,11.65685424949238,724592.2999999999,3.389346470558729e-06
1.298,H3,100,3,3,15.615773105863909,804711.5,3.4152382561594127e-06
1.298,H3,100,3,4,19.165151389911678,884830.7,3.3374673800223046e-06
1.298,H3,100,3,5,20.807764064044157,964949.8999999999,3.1455790496152294e-06
1.298,H3,100,4,2,14.72841614740048,827681.7,3.249774278032868e-06
1.298,H3,100,4,3,19.69535971483266,927830.7,3.212205697146966e-06
1.298,H3,100,4,4,24.67579566188592,1027979.7,3.118566281482796e-06
1.298,H3,100,4,5,29.317821063276355,1128128.7,2.994512557426534e-06
1.298,H3,100,4,6,31.874507866387546,1228277.7,2.818423361324169e-06
1.298,H3,100,5,2,17.774964387392124,930771.1,3.0918353311196e-06
1.298,H3,100,5,3,23.747340124470732,1050949.9,3.013912013740752e-06
1.298,H3,100,5,4,29.730919862656236,1171128.7,2.8965113544607694e-06
1.298,H3,100,5,5,35.72004514666935,1291307.5,2.769063154912379e-06
1.298,H3,100,5,6,41.420577856662135,1411486.2999999998,2.6381962099248326e-06
1.298,H3,100,5,7,44.91093483101497,1531665.0999999999,2.484016448854823e-06
1.298,H3,100,6,2,20.80776406404415,1033860.5,2.9359146513173778e-06
1.298,H3,100,6,3,27.78404875209022,1174069.0999999999,2.831572749953502e-06
1.298,H3,100,6,4,34.76991603917054,1314277.7,2.700154260600831e-06
1.298,H3,100,6,5,41.760539492026695,1454486.2999999998,2.5658212541165266e-06
1.298,H3,100,6,6,48.75386567126981,1594694.9,2.437321703431188e-06
1.298,H3,100,6,7,55.49545416973504,1734903.5,2.3149997164373804e-06
1.298,H3,100,6,8,59.93325909419152,1875112.0999999999,2.1829263406029347e-06
1.298,H4,150,2,2,8.531128874149275,1781571.8499999999,1.2032754639575864e-06
1.298,H4,150,2,3,10.898979485566356,1916705.9499999997,1.2462366278325525e-06
1.298,H4,150,2,4,11.65685424949238,2051840.0499999998,1.196922905661692e-06
1.298,H4,150,3,2,11.65685424949238,2015705.9499999997,1.2183792753099884e-06
1.298,H4,150,3,3,15.615773105863909,2195884.75,1.2515599919219007e-06
1.298,H4,150,3,4,19.165151389911678,2376063.55,1.24285126889485e-06
1.298,H4,150,3,5,20.807764064044157,2556242.3499999996,1.1874172217545456e-06
1.298,H4,150,4,2,14.72841614740048,2249840.05,1.1955421893474236e-06
1.298,H4,150,4,3,19.69535971483266,2475063.55,1.2041642569249818e-06
1.298,H4,150,4,4,24.67579566188592,2700287.05,1.1872155704590001e-06
1.298,H4,150,4,5,29.317821063276355,2925510.55,1.1547370965875584e-06
1.298,H4,150,4,6,31.874507866387546,3150734.05,1.0987301717431592e-06
1.298,H4,150,5,2,17.774964387392124,2483974.15,1.1585430436806496e-06
1.298,H4,150,5,3,23.747340124470732,2754242.3499999996,1.1500333401850575e-06
1.298,H4,150,5,4,29.730919862656236,3024510.55,1.1215657942025959e-06
1.298,H4,150,5,5,35.72004514666935,3294778.75,1.0852662018388994e-06
1.298,H4,150,5,6,41.420577856662135,3565046.9499999997,1.044524198207495e-06
1.298,H4,150,5,7,44.91093483101497,3835315.15,9.920126909354154e-07
1.298,H4,150,6,2,20.80776406404415,2718108.25,1.1167054105988273e-06
1.298,H4,150,6,3,27.78404875209022,3033421.15,1.095944778430266e-06
1.298,H4,150,6,4,34.76991603917054,3348734.05,1.059729580874797e-06
1.298,H4,150,6,5,41.760539492026695,3664046.9499999997,1.0185327626222985e-06
1.298,H4,150,6,6,48.75386567126981,3979359.8499999996,9.767361175242869e-07
1.298,H4,150,6,7,55.49545416973504,4294672.75,9.351821068429995e-07
1.298,H4,150,6,8,59.93325909419152,4609985.65,8.879054959039371e-07
1.298,H5,200,2,2,8.531128874149275,3825185.8000000003,5.604228935448117e-07
1.298,H5,200,2,3,10.898979485566356,4065364.6000000006,5.875657892221004e-07
1.298,H5,200,2,4,11.65685424949238,4305543.4,5.704028798313892e-07
1.298,H5,200,3,2,11.65685424949238,4237764.600000001,5.795259025475438e-07
1.298,H5,200,3,3,15.615773105863909,4558003.0,6.029573697014734e-07
1.298,H5,200,3,4,19.165151389911678,4878241.4,6.053602837473974e-07
1.298,H5,200,3,5,20.807764064044157,5198479.800000001,5.838872720767925e-07
1.298,H5,200,4,2,14.72841614740048,4650343.4,5.784043172077392e-07
1.298,H5,200,4,3,19.69535971483266,5050641.4,5.900999149390921e-07
1.298,H5,200,4,4,24.67579566188592,5450939.4,5.881229995822005e-07
1.298,H5,200,4,5,29.317821063276355,5851237.4,5.773472049763817e-07
1.298,H5,200,4,6,31.874507866387546,6251535.4,5.537530130395677e-07
1.298,H5,200,5,2,17.774964387392124,5062922.2,5.684051341268989e-07
1.298,H5,200,5,3,23.747340124470732,5543279.800000001,5.714072974360128e-07
1.298,H5,200,5,4,29.730919862656236,6023637.4,5.631460447942767e-07
1.298,H5,200,5,5,35.72004514666935,6503995.0,5.497716434148576e-07
1.298,H5,200,5,6,41.420577856662135,6984352.600000001,5.331600536635027e-07
1.298,H5,200,5,7,44.91093483101497,7464710.2,5.09689083782096e-07
1.298,H5,200,6,2,20.80776406404415,5475501.0,5.543467509855829e-07
1.298,H5,200,6,3,27.78404875209022,6035918.2,5.507798416026302e-07
1.298,H5,200,6,4,34.76991603917054,6596335.4,5.379884914990315e-07
1.298,H5,200,6,5,41.760539492026695,7156752.600000001,5.214588334884325e-07
1.298,H5,200,6,6,48.75386567126981,7717169.800000001,5.036541362768806e-07
1.298,H5,200,6,7,55.49545416973504,8277587.0,4.85201920625687e-07
1.298,H5,200,6,8,59.93325909419152,8838004.2,4.631398109850734e-07
1.7,H1,20,2,2,8.531128874149275,14319.0,0.00014971169036821883
1.7,H1,20,2,3,10.898979485566356,16761.0,0.00014251352304006854
1.7,H1,20,2,4,11.65685424949238,19203.0,0.00012789118130495397
1.7,H1,20,3,2,11.65685424949238,18441.0,0.0001331757689170344
1.7,H1,20,3,3,15.615773105863909,21697.0,0.00012666642853719062
1.7,H1,20,3,4,19.165151389911678,24953.0,0.00011834623484520103
1.7,H1,20,3,5,20.807764064044157,28209.0,0.00010760133962098303
1.7,H1,20,4,2,14.72841614740048,22563.0,0.00011921192656377772
1.7,H1,20,4,3,19.69535971483266,26633.0,0.00011190564564742451
1.7,H1,20,4,4,24.67579566188592,30703.0,0.00010441399311040616
1.7,H1,20,4,5,29.317821063276355,34773.0,9.714995998456478e-05
1.7,H1,20,4,6,31.874507866387546,38843.0,8.912304826798957e-05
1.7,H1,20,5,2,17.774964387392124,26685.0,0.00010784301938036553
1.7,H1,20,5,3,23.747340124470732,31569.0,0.00010033483890682764
1.7,H1,20,5,4,29.730919862656236,36453.0,9.305647208967383e-05
1.7,H1,20,5,5,35.72004514666935,41337.0,8.65014882529457e-05
1.7,H1,20,5,6,41.420577856662135,46221.0,8.056463094742271e-05
1.7,H1,20,5,7,44.91093483101497,51105.0,7.444831821811695e-05
1.7,H1,20,6,2,20.80776406404415,30807.0,9.852715906671568e-05
1.7,H1,20,6,3,27.78404875209022,36505.0,9.106867744480024e-05
1.7,H1,20,6,4,34.76991603917054,42203.0,8.408768408093408e-05
1.7,H1,20,6,5,41.760539492026695,47901.0,7.790968585961266e-05
1.7,H1,20,6,6,48.75386567126981,53599.0,7.251598891996171e-05
1.7,H1,20,6,7,55.49545416973504,59297.0,6.773194445834053e-05
1.7,H1,20,6,8,59.93325909419152,64995.0,6.29776381979119e-05
1.7,H2,50,2,2,8.531128874149275,121822.5,1.7597091624145995e-05
1.7,H2,50,2,3,10.898979485566356,136927.5,1.7444773034449537e-05
1.7,H2,50,2,4,11.65685424949238,152032.5,1.615374577540349e-05
1.7,H2,50,3,2,11.65685424949238,149927.5,1.6380546294702647e-05
1.7,H2,50,3,3,15.615773105863909,170067.5,1.6159945315662458e-05
1.7,H2,50,3,4,19.165151389911678,190207.5,1.5525642249082196e-05
1.7,H2,50,3,5,20.807764064044157,210347.5,1.4430055928253535e-05
1.7,H2,50,4,2,14.72841614740048,178032.5,1.5108357738382132e-05
1.7,H2,50,4,3,19.69535971483266,203207.5,1.4666698131357638e-05
1.7,H2,50,4,4,24.67579566188592,228382.5,1.403707740509365e-05
1.7,H2,50,4,5,29.317821063276355,253557.5,1.3323193195008119e-05
1.7,H2,50,4,6,31.874507866387546,278732.5,1.2419816719878446e-05
1.7,H2,50,5,2,17.774964387392124,206137.5,1.3960540766066603e-05
1.7,H2,50,5,3,23.747340124470732,236347.5,1.340175178264903e-05
1.7,H2,50,5,4,29.730919862656236,266557.5,1.2725913084737364e-05
1.7,H2,50,5,5,35.72004514666935,296767.5,1.2048866604031832e-05
1.7,H2,50,5,6,41.420577856662135,326977.5,1.1388483326898105e-05
1.7,H2,50,5,7,44.91093483101497,357187.5,1.0651776175081342e-05
1.7,H2,50,6,2,20.80776406404415,234242.5,1.2958050692629688e-05
1.7,H2,50,6,3,27.78404875209022,269487.5,1.2336238490180185e-05
1.7,H2,50,6,4,34.76991603917054,304732.5,1.1645467848908997e-05
1.7,H2,50,6,5,41.760539492026695,339977.5,1.097705542973081e-05
1.7,H2,50,6,6,48.75386567126981,375222.5,1.0358612530221477e-05
1.7,H2,50,6,7,55.49545416973504,410467.5,9.784699423331246e-06
1.7,H2,50,6,8,59.93325909419152,445712.5,9.183569217092372e-06
1.7,H3,100,2,2,8.531128874149275,623935.0,3.435809330110549e-06
1.7,H3,100,2,3,10.898979485566356,684145.0,3.4914662237896773e-06
1.7,H3,100,2,4,11.65685424949238,744355.0,3.2993589813987025e-06
1.7,H3,100,3,2,11.65685424949238,727145.0,3.3774479018614326e-06
1.7,H3,100,3,3,15.615773105863909,807425.0,3.4037607207745923e-06
1.7,H3,100,3,4,19.165151389911678,887705.0,3.326660994465843e-06
1.7,H3,100,3,5,20.807764064044157,967985.0,3.1357161416430114e-06
1.7,H3,100,4,2,14.72841614740048,830355.0,3.2393117390254974e-06
1.7,H3,100,4,3,19.69535971483266,930705.0,3.202285429355013e-06
1.7,H3,100,4,4,24.67579566188592,1031055.0,3.109264617764135e-06
1.7,H3,100,4,5,29.317821063276355,1131405.0,2.98584110777597e-06
1.7,H3,100,4,6,31.874507866387546,1231755.0,2.8104668248746864e-06
1.7,H3,100,5,2,17.774964387392124,933565.0,3.0825823292058448e-06
1.7,H3,100,5,3,23.747340124470732,1053985.0,3.00523302461576e-06
1.7,H3,100,5,4,29.730919862656236,1174405.0,2.8884308029043473e-06
1.7,H3,100,5,5,35.72004514666935,1294825.0,2.761540764127984e-06
1.7,H3,100,5,6,41.420577856662135,1415245.0,2.631189516317546e-06
1.7,H3,100,5,7,44.91093483101497,1535665.0,2.4775464066296144e-06
1.7,H3,100,6,2,20.80776406404415,1036775.0,2.92766143991542e-06
1.7,H3,100,6,3,27.78404875209022,1177265.0,2.8238859306294105e-06
1.7,H3,100,6,4,34.76991603917054,1317755.0,2.693029076928307e-06
1.7,H3,100,6,5,41.760539492026695,1458245.0,2.5592077204868225e-06
1.7,H3,100,6,6,48.75386567126981,1598735.0,2.4311624441330353e-06
1.7,H3,100,6,7,55.49545416973504,1739225.0,2.3092475732272817e-06
1.7,H3,100,6,8,59.93325909419152,1879715.0,2.1775809602377402e-06
1.7,H4,150,2,2,8.531128874149275,1786727.5,1.199803380416166e-06
1.7,H4,150,2,3,10.898979485566356,1922042.5,1.2427764524845777e-06
1.7,H4,150,2,4,11.65685424949238,2057357.5,1.193712981141601e-06
1.7,H4,150,3,2,11.65685424949238,2021042.5,1.2151621525024987e-06
1.7,H4,150,3,3,15.615773105863909,2201462.5,1.2483889686839657e-06
1.7,H4,150,3,4,19.165151389911678,2381882.5,1.2398149774778149e-06
1.7,H4,150,3,5,20.807764064044157,2562302.5,1.1846088388737515e-06
1.7,H4,150,4,2,14.72841614740048,2255357.5,1.1926174449321303e-06
1.7,H4,150,4,3,19.69535971483266,2480882.5,1.2013398701985511e-06
1.7,H4,150,4,4,24.67579566188592,2706407.5,1.1845307221727698e-06
1.7,H4,150,4,5,29.317821063276355,2931932.5,1.152207821477224e-06
1.7,H4,150,4,6,31.874507866387546,3157457.5,1.0963905496347992e-06
1.7,H4,150,5,2,17.774964387392124,2489672.5,1.1558913761408595e-06
1.7,H4,150,5,3,23.747340124470732,2760302.5,1.1475084812079987e-06
1.7,H4,150,5,4,29.730919862656236,3030932.5,1.1191894168164023e-06
1.7,H4,150,5,5,35.72004514666935,3301562.5,1.0830362956666781e-06
1.7,H4,150,5,6,41.420577856662135,3572192.5,1.0424348091601516e-06
1.7,H4,150,5,7,44.91093483101497,3842822.5,9.900746918539346e-07
1.7,H4,150,6,2,20.80776406404415,2723987.5,1.1142951975250657e-06
1.7,H4,150,6,3,27.78404875209022,3039722.5,1.0936728830090355e-06
1.7,H4,150,6,4,34.76991603917054,3355457.5,1.0576061628757511e-06
1.7,H4,150,6,5,41.760539492026695,3671192.5,1.016550306844794e-06
1.7,H4,150,6,6,48.75386567126981,3986927.5,9.74882159287077e-07
1.7,H4,150,6,7,55.49545416973504,4302662.5,9.334455376284379e-07
1.7,H4,150,6,8,59.93325909419152,4618397.5,8.862882839065464e-07
1.7,H5,200,2,2,8.531128874149275,3834070.0,5.591242972565773e-07
1.7,H5,200,2,3,10.898979485566356,4074490.0,5.862498520488672e-07
1.7,H5,200,2,4,11.65685424949238,4314910.0,5.691646765747215e-07
1.7,H5,200,3,2,11.65685424949238,4246890.0,5.782806605772769e-07
1.7,H5,200,3,3,15.615773105863909,4567450.0,6.017102540742483e-07
1.7,H5,200,3,4,19.165151389911678,4888010.0,6.041504821169149e-07
1.7,H5,200,3,5,20.807764064044157,5208570.0,5.827561479193541e-07
1.7,H5,200,4,2,14.72841614740048,4659710.0,5.772416521754609e-07
1.7,H5,200,4,3,19.69535971483266,5060410.0,5.889607878665676e-07
1.7,H5,200,4,4,24.67579566188592,5461110.0,5.870276977517025e-07
1.7,H5,200,4,5,29.317821063276355,5861810.0,5.763058779699907e-07
1.7,H5,200,4,6,31.874507866387546,6262510.0,5.527826005664692e-07
1.7,H5,200,5,2,17.774964387392124,5072530.0,5.673285268229176e-07
1.7,H5,200,5,3,23.747340124470732,5553370.0,5.70369078496416e-07
1.7,H5,200,5,4,29.730919862656236,6034210.0,5.621593509481573e-07
1.7,H5,200,5,5,35.72004514666935,6515050.0,5.48838768683589e-07
1.7,H5,200,5,6,41.420577856662135,6995890.0,5.322807830055682e-07
1.7,H5,200,5,7,44.91093483101497,7476730.0,5.088696933735559e-07
1.7,H5,200,6,2,20.80776406404415,5485350.0,5.533514159293956e-07
1.7,H5,200,6,3,27.78404875209022,6046330.0,5.498313969172097e-07
1.7,H5,200,6,4,34.76991603917054,6607310.0,5.370949041694216e-07
1.7,H5,200,6,5,41.760539492026695,7168290.0,5.206195427865371e-07
1.7,H5,200,6,6,48.75386567126981,7729270.0,5.028656639140602e-07
1.7,H5,200,6,7,55.49545416973504,8290250.0,4.844607955786881e-07
1.7,H5,200,6,8,59.93325909419152,8851230.0,4.6244777219361424e-07
3.23511,H1,20,2,2,8.531128874149275,14886.990700000002,0.00014399966639211544
3.23511,H1,20,2,3,10.898979485566356,17421.0973,0.00013711358811333823
3.23511,H1,20,2,4,11.65685424949238,19955.2039,0.00012307037136308246
3.23511,H1,20,3,2,11.65685424949238,19101.0973,0.00012857346968223816
3.23511,H1,20,3,3,15.615773105863909,22479.9061,0.00012225502578818267
3.23511,H1,20,3,4,19.165151389911678,25858.7149,0.00011420109659402686
3.23511,H1,20,3,5,20.807764064044157,29237.5237,0.00010381611727836959
3.23511,H1,20,4,2,14.72841614740048,23315.2039,0.00011536586643612912
3.23511,H1,20,4,3,19.69535971483266,27538.7149,0.00010822520481984646
3.23511,H1,20,4,4,24.67579566188592,31762.2259,0.00010093193218139036
3.23511,H1,20,4,5,29.317821063276355,35985.7369,9.387595890924414e-05
3.23511,H1,20,4,6,31.874507866387546,40209.2479,8.609478527136338e-05
3.23511,H1,20,5,2,17.774964387392124,27529.3105,0.00010453552667674166
3.23511,H1,20,5,3,23.747340124470732,32597.5237,9.716905365574261e-05
3.23511,H1,20,5,4,29.730919862656236,37665.7369,9.006030032256929e-05
3.23511,H1,20,5,5,35.72004514666935,42733.9501,8.367380060922607e-05
3.23511,H1,20,5,6,41.420577856662135,47802.1633,7.789977586685548e-05
3.23511,H1,20,5,7,44.91093483101497,52870.3765,7.196244011118148e-05
3.23511,H1,20,6,2,20.80776406404415,31743.4171,9.56206504109575e-05
3.23511,H1,20,6,3,27.78404875209022,37656.332500000004,8.828427649247129e-05
3.23511,H1,20,6,4,34.76991603917054,43569.2479,8.145085587460097e-05
3.23511,H1,20,6,5,41.760539492026695,49482.1633,7.542014361286638e-05
3.23511,H1,20,6,6,48.75386567126981,55395.0787,7.016479769205613e-05
3.23511,H1,20,6,7,55.49545416973504,61307.994099999996,6.551023515783595e-05
3.23511,H1,20,6,8,59.93325909419152,67220.90950000001,6.089223762545616e-05
3.23511,H2,50,2,2,8.531128874149275,124393.80924999999,1.72333471199856e-05
3.23511,H2,50,2,3,10.898979485566356,139729.07575000002,1.709500436364683e-05
3.23511,H2,50,2,4,11.65685424949238,155064.34225,1.583790521382121e-05
3.23511,H2,50,3,2,11.65685424949238,152729.07575,1.6080070821740906e-05
3.23511,H2,50,3,3,15.615773105863909,173176.09775000002,1.5869866197925832e-05
3.23511,H2,50,3,4,19.165151389911678,193623.11975,1.5251761266450213e-05
3.23511,H2,50,3,5,20.807764064044157,214070.14175,1.4179119818181324e-05
3.23511,H2,50,4,2,14.72841614740048,181064.34225,1.48553749768393e-05
3.23511,H2,50,4,3,19.69535971483266,206623.11975,1.4424247703422148e-05
3.23511,H2,50,4,4,24.67579566188592,232181.89725,1.3807376321922963e-05
3.23511,H2,50,4,5,29.317821063276355,257740.67475,1.310695551573305e-05
3.23511,H2,50,4,6,31.874507866387546,283299.45225,1.2219602037276864e-05
3.23511,H2,50,5,2,17.774964387392124,209399.60875,1.3743058018798969e-05
3.23511,H2,50,5,3,23.747340124470732,240070.14175,1.3193937848164917e-05
3.23511,H2,50,5,4,29.730919862656236,270740.67475,1.2529286854356855e-05
3.23511,H2,50,5,5,35.72004514666935,301411.20775,1.1863235101986737e-05
3.23511,H2,50,5,6,41.420577856662135,332081.74075,1.1213437386261428e-05
3.23511,H2,50,5,7,44.91093483101497,362752.27375,1.0488373410331702e-05
3.23511,H2,50,6,2,20.80776406404415,237734.87525,1.2767694206314434e-05
3.23511,H2,50,6,3,27.78404875209022,273517.16375,1.2154491603170672e-05
3.23511,H2,50,6,4,34.76991603917054,309299.45225,1.1473517025174948e-05
3.23511,H2,50,6,5,41.760539492026695,345081.74075,1.081468945372273e-05
3.23511,H2,50,6,6,48.75386567126981,380864.02925,1.0205176103857614e-05
3.23511,H2,50,6,7,55.49545416973504,416646.31775000005,9.639593437991492e-06
3.23511,H2,50,6,8,59.93325909419152,452428.60625,9.04724311886564e-06
3.23511,H3,100,2,2,8.531128874149275,633222.4155,3.385416627568083e-06
3.23511,H3,100,2,3,10.898979485566356,693892.9485,3.442417400030098e-06
3.23511,H3,100,2,4,11.65685424949238,754563.4815,3.254721988025379e-06
3.23511,H3,100,3,2,11.65685424949238,736892.9484999999,3.332769515026824e-06
3.23511,H3,100,3,3,15.615773105863909,817786.9924999999,3.3606324448495376e-06
3.23511,H3,100,3,4,19.165151389911678,898681.0364999999,3.2860308364727596e-06
3.23511,H3,100,3,5,20.807764064044157,979575.0804999999,3.0986151544596284e-06
3.23511,H3,100,4,2,14.72841614740048,840563.4815,3.1999709221944314e-06
3.23511,H3,100,4,3,19.69535971483266,941681.0364999999,3.1649602625589852e-06
3.23511,H3,100,4,4,24.67579566188592,1042798.5915,3.074249290898472e-06
3.23511,H3,100,4,5,29.317821063276355,1143916.1465,2.9531846096231942e-06
3.23511,H3,100,4,6,31.874507866387546,1245033.7015,2.780492254709877e-06
3.23511,H3,100,5,2,17.774964387392124,944234.0144999999,3.0477518580909526e-06
3.23511,H3,100,5,3,23.747340124470732,1065575.0805,2.9725456116741856e-06
3.23511,H3,100,5,4,29.730919862656236,1186916.1465,2.8579841862357547e-06
3.23511,H3,100,5,5,35.72004514666935,1308257.2125,2.733187316490347e-06
3.23511,H3,100,5,6,41.420577856662135,1429598.2785,2.6047721678344375e-06
3.23511,H3,100,5,7,44.91093483101497,1550939.3445000001,2.4531464212505612e-06
3.23511,H3,100,6,2,20.80776406404415,1047904.5475,2.896567436995792e-06
3.23511,H3,100,6,3,27.78404875209022,1189469.1245,2.7949124543437723e-06
3.23511,H3,100,6,4,34.76991603917054,1331033.7015,2.666162793074598e-06
3.23511,H3,100,6,5,41.760539492026695,1472598.2785,2.5342633607875065e-06
3.23511,H3,100,6,6,48.75386567126981,1614162.8555,2.407925865024979e-06
3.23511,H3,100,6,7,55.49545416973504,1755727.4325,2.287542494467585e-06
3.23511,H3,100,6,8,59.93325909419152,1897292.0095,2.157407280575639e-06
3.23511,H4,150,2,2,8.531128874149275,1806415.2857500003,1.1867269455110262e-06
3.23511,H4,150,2,3,10.898979485566356,1942421.0852500002,1.2297380716329869e-06
3.23511,H4,150,2,4,11.65685424949238,2078426.8847500002,1.1816120993327287e-06
3.23511,H4,150,3,2,11.65685424949238,2041421.0852500002,1.2030317372264591e-06
3.23511,H4,150,3,3,15.615773105863909,2222762.15125,1.2364262628936218e-06
3.23511,H4,150,3,4,19.165151389911678,2404103.21725,1.2283555784556868e-06
3.23511,H4,150,3,5,20.807764064044157,2585444.2832500003,1.1740056473206189e-06
3.23511,H4,150,4,2,14.72841614740048,2276426.88475,1.1815792183257014e-06
3.23511,H4,150,4,3,19.69535971483266,2503103.21725,1.1906752546154346e-06
3.23511,H4,150,4,4,24.67579566188592,2729779.5497500002,1.1743889101822882e-06
3.23511,H4,150,4,5,29.317821063276355,2956455.8822500003,1.1426504210075705e-06
3.23511,H4,150,4,6,31.874507866387546,3183132.2147500003,1.0875472114642922e-06
3.23511,H4,150,5,2,17.774964387392124,2511432.68425,1.1458762124952043e-06
3.23511,H4,150,5,3,23.747340124470732,2783444.2832500003,1.137968001914249e-06
3.23511,H4,150,5,4,29.730919862656236,3055455.8822500003,1.1102066951092465e-06
3.23511,H4,150,5,5,35.72004514666935,3327467.48125,1.0746046475467766e-06
3.23511,H4,150,5,6,41.420577856662135,3599479.08025,1.0345324209419191e-06
3.23511,H4,150,5,7,44.91093483101497,3871490.67925,9.82743242268098e-07
3.23511,H4,150,6,2,20.80776406404415,2746438.48375,1.1051863012143135e-06
3.23511,H4,150,6,3,27.78404875209022,3063785.34925,1.0850832193372311e-06
3.23511,H4,150,6,4,34.76991603917054,3381132.2147500003,1.0495752031779254e-06
3.23511,H4,150,6,5,41.760539492026695,3698479.08025,1.0090504181272925e-06
3.23511,H4,150,6,6,48.75386567126981,4015825.94575,9.678667707783655e-07
3.23511,H4,150,6,7,55.49545416973504,4333172.81125,9.268730524937516e-07
3.23511,H4,150,6,8,59.93325909419152,4650519.676750001,8.801664930345644e-07
3.23511,H5,200,2,2,8.531128874149275,3867995.931,5.542202558181867e-07
3.23511,H5,200,2,3,10.898979485566356,4109336.997,5.812784790876057e-07
3.23511,H5,200,2,4,11.65685424949238,4350678.063,5.644854248088343e-07
3.23511,H5,200,3,2,11.65685424949238,4281736.9969999995,5.735743125558049e-07
3.23511,H5,200,3,3,15.615773105863909,4603525.085,5.969950090912614e-07
3.23511,H5,200,3,4,19.165151389911678,4925313.173,5.995747873010025e-07
3.23511,H5,200,3,5,20.807764064044157,5247101.261,5.784767700080241e-07
3.23511,H5,200,4,2,14.72841614740048,4695478.063,5.728444820674944e-07
3.23511,H5,200,4,3,19.69535971483266,5097713.173,5.846509914118813e-07
3.23511,H5,200,4,4,24.67579566188592,5499948.283,5.828823591628671e-07
3.23511,H5,200,4,5,29.317821063276355,5902183.393,5.723637057008118e-07
3.23511,H5,200,4,6,31.874507866387546,6304418.5030000005,5.491079886632201e-07
3.23511,H5,200,5,2,17.774964387392124,5109219.129,5.63254559944527e-07
3.23511,H5,200,5,3,23.747340124470732,5591901.261,5.664389232944365e-07
3.23511,H5,200,5,4,29.730919862656236,6074583.393,5.584230814896444e-07
3.23511,H5,200,5,5,35.72004514666935,6557265.525,5.45305357283365e-07
3.23511,H5,200,5,6,41.420577856662135,7039947.657,5.289496440102331e-07
3.23511,H5,200,5,7,44.91093483101497,7522629.789,5.057647935965531e-07
3.23511,H5,200,6,2,20.80776406404415,5522960.195,5.495832094021293e-07
3.23511,H5,200,6,3,27.78404875209022,6086089.348999999,5.462394453128876e-07
3.23511,H5,200,6,4,34.76991603917054,6649218.5030000005,5.337097178663224e-07
3.23511,H5,200,6,5,41.760539492026695,7212347.657,5.174392638628882e-07
3.23511,H5,200,6,6,48.75386567126981,7775476.811,4.998773174427551e-07
3.23511,H5,200,6,7,55.49545416973504,8338605.965,4.81651384824276e-07
3.23511,H5,200,6,8,59.93325909419152,8901735.118999999,4.598240163242589e-07
