group,phase,field,digits,method,low_cycles,high_cycles,active,checked_residual,checked_error,floor_censored,passed
external6_H1_n20_d0p30_e50,initial,H1,50,P5,2,2,1,1.01183442308761622921042981610e-72,2.53354508968791568420391720902e-73,False,True
external6_H1_n20_d0p30_e50,initial,H1,50,M6,2,2,0,4.17278382746081118277547541335e-64,9.94014933220124110399129656992e-65,False,True
external6_H1_n20_d0p30_e50,extension,H1,50,P5,2,2,1,1.01183442308761622921042981610e-72,2.53354508968791568420391720902e-73,False,True
external6_H1_n20_d0p30_e50,extension,H1,50,M6,2,2,0,4.17278382746081118277547541335e-64,9.94014933220124110399129656992e-65,False,True
external6_H1_n20_d0p30_e200,initial,H1,200,P5,3,3,2,4.70107814554965291244926950346e-493,1.20454479846690363504744613326e-493,False,True
external6_H1_n20_d0p30_e200,initial,H1,200,M6,3,3,0,2.98274671960466973126984674419e-390,7.24738628260703269204971817766e-391,False,True
external6_H1_n20_d0p30_e200,extension,H1,200,P5,3,3,2,4.70107814554965291244926950346e-493,1.20454479846690363504744613326e-493,False,True
external6_H1_n20_d0p30_e200,extension,H1,200,M6,3,3,0,2.98274671960466973126984674419e-390,7.24738628260703269204971817766e-391,False,True
external6_H1_n20_d0p30_e800,initial,H1,800,P5,4,4,3,6.73300491408783310084232068042e-1301,1.69703581005922859038123224426e-1301,True,True
external6_H1_n20_d0p30_e800,initial,H1,800,M6,4,4,0,1.00731077702836123551190592198e-1300,2.45628153627515735959678601356e-1301,True,True
external6_H1_n20_d0p30_e800,extension,H1,800,P5,4,4,3,6.73300491408783310084232068042e-1301,1.69703581005922859038123224426e-1301,True,True
external6_H1_n20_d0p30_e800,extension,H1,800,M6,4,4,0,1.00731077702836123551190592198e-1300,2.45628153627515735959678601356e-1301,True,True
external6_H1_n20_d0p30_e1024,initial,H1,1024,P5,4,4,3,6.73300491408783310084232068042e-1301,1.69703581005922859038123224426e-1301,True,True
external6_H1_n20_d0p30_e1024,initial,H1,1024,M6,4,4,0,1.00731077702836123551190592198e-1300,2.45628153627515735959678601356e-1301,True,True
external6_H1_n20_d0p30_e1024,extension,H1,1024,P5,4,4,3,6.73300491408783310084232068042e-1301,1.69703581005922859038123224426e-1301,True,True
external6_H1_n20_d0p30_e1024,extension,H1,1024,M6,4,4,0,1.00731077702836123551190592198e-1300,2.45628153627515735959678601356e-1301,True,True
external8_H1_n20_d0p30_e50,initial,H1,50,P7,2,2,1,2.35690888633902372133727458468e-127,5.80764874557220812204223034076e-128,False,True
external8_H1_n20_d0p30_e50,initial,H1,50,M8,2,2,0,5.33492022059002720188067716625e-115,1.41622148189386267634318730406e-115,False,True
external8_H1_n20_d0p30_e50,extension,H1,50,P7,2,2,1,2.35690888633902372133727458468e-127,5.80764874557220812204223034076e-128,False,True
external8_H1_n20_d0p30_e50,extension,H1,50,M8,2,2,0,5.33492022059002720188067716625e-115,1.41622148189386267634318730406e-115,False,True
external8_H1_n20_d0p30_e200,initial,H1,200,P7,3,3,2,2.21806572410181881590616897963e-1125,5.55837918313324256088658587501e-1126,False,True
external8_H1_n20_d0p30_e200,initial,H1,200,M8,3,3,0,1.17610567496064540864482989172e-927,2.93355094430484249806564314313e-928,False,True
external8_H1_n20_d0p30_e800,initial,H1,800,P7,3,3,2,2.21806572410181881590616897963e-1125,5.55837918313324256088658587501e-1126,False,True
external8_H1_n20_d0p30_e800,initial,H1,800,M8,3,3,0,1.17610567496064540864482989172e-927,2.93355094430484249806564314313e-928,False,True
external8_H1_n20_d0p30_e1024,initial,H1,1024,P7,3,3,2,2.21806572410181881590616897963e-1125,5.55837918313324256088658587501e-1126,False,True
external8_H1_n20_d0p30_e1024,initial,H1,1024,M8,4,4,0,6.73300491408783310084232068042e-1301,1.69703581005922859038123224426e-1301,True,True
external6_H5_n200_d0p30_e50,initial,H5,50,P5,2,2,1,3.41604334996253305151920409298e-105,8.62226343411391464187749614003e-106,False,True
external6_H5_n200_d0p30_e50,initial,H5,50,M6,2,2,0,4.32251652490878546072987710054e-93,1.07776836837163345501020049566e-93,False,True
external6_H5_n200_d0p30_e200,initial,H5,200,P5,3,3,2,3.01477157847655363312818678165e-716,7.58637615650012052040667212968e-717,False,True
external6_H5_n200_d0p30_e200,initial,H5,200,M6,3,3,0,6.26224056133065737973251835023e-568,1.58799103522288231432756228801e-568,False,True
external6_H5_n200_d0p30_e200,extension,H5,200,P5,3,3,2,3.01477157847655363312818678165e-716,7.58637615650012052040667212968e-717,False,True
external6_H5_n200_d0p30_e200,extension,H5,200,M6,3,3,0,6.26224056133065737973251835023e-568,1.58799103522288231432756228801e-568,False,True
external6_H5_n200_d0p30_e800,initial,H5,800,P5,4,4,3,2.53622746621949944041228037918e-1299,6.37134116647410188022462770243e-1300,True,True
external6_H5_n200_d0p30_e800,initial,H5,800,M6,4,4,0,2.53716201506496068584806416195e-1299,6.37381535220905170668870375299e-1300,True,True
external6_H5_n200_d0p30_e800,extension,H5,800,P5,4,4,3,2.53622746621949944041228037918e-1299,6.37134116647410188022462770243e-1300,True,True
external6_H5_n200_d0p30_e800,extension,H5,800,M6,4,4,0,2.53716201506496068584806416195e-1299,6.37381535220905170668870375299e-1300,True,True
external6_H5_n200_d0p30_e1024,initial,H5,1024,P5,4,4,3,2.53622746621949944041228037918e-1299,6.37134116647410188022462770243e-1300,True,True
external6_H5_n200_d0p30_e1024,initial,H5,1024,M6,4,4,0,2.53716201506496068584806416195e-1299,6.37381535220905170668870375299e-1300,True,True
external6_H5_n200_d0p30_e1024,extension,H5,1024,P5,4,4,3,2.53622746621949944041228037918e-1299,6.37134116647410188022462770243e-1300,True,True
external6_H5_n200_d0p30_e1024,extension,H5,1024,M6,4,4,0,2.53716201506496068584806416195e-1299,6.37381535220905170668870375299e-1300,True,True
external8_H5_n200_d0p30_e50,initial,H5,50,P7,2,2,1,6.88550685651181499063698584982e-185,1.70637467829735100875541857810e-185,False,True
external8_H5_n200_d0p30_e50,initial,H5,50,M8,2,2,0,9.60968789096113816155387564836e-157,2.45480855511593577346730635952e-157,False,True
external8_H5_n200_d0p30_e200,initial,H5,200,P7,3,3,2,2.53622746621949944041228037918e-1299,6.37134116647410188022462770243e-1300,True,True
external8_H5_n200_d0p30_e200,initial,H5,200,M8,3,3,0,3.18481027489361404241537666477e-1266,8.04596620056684959828103635503e-1267,True,True
external8_H5_n200_d0p30_e800,initial,H5,800,P7,3,3,2,2.53622746621949944041228037918e-1299,6.37134116647410188022462770243e-1300,True,True
external8_H5_n200_d0p30_e800,initial,H5,800,M8,3,3,0,3.18481027489361404241537666477e-1266,8.04596620056684959828103635503e-1267,True,True
external8_H5_n200_d0p30_e1024,initial,H5,1024,P7,3,3,2,2.53622746621949944041228037918e-1299,6.37134116647410188022462770243e-1300,True,True
external8_H5_n200_d0p30_e1024,initial,H5,1024,M8,3,3,0,3.18481027489361404241537666477e-1266,8.04596620056684959828103635503e-1267,True,True
